Store_id,Product_id,total_days,start_date,end_date,avg_daily_sales,total_sales
S002,P028,1826,2013-01-01,2017-12-31,112.64,205677.0
S002,P015,1826,2013-01-01,2017-12-31,112.58,205569.0
S002,P018,1826,2013-01-01,2017-12-31,108.12,197422.0
S008,P015,1826,2013-01-01,2017-12-31,108.05,197295.0
S002,P013,1826,2013-01-01,2017-12-31,107.9,197031.0
S008,P028,1826,2013-01-01,2017-12-31,107.81,196867.0
S008,P018,1826,2013-01-01,2017-12-31,103.82,189576.0
S008,P013,1826,2013-01-01,2017-12-31,103.82,189575.0
S002,P025,1826,2013-01-01,2017-12-31,103.43,188856.0
S002,P045,1826,2013-01-01,2017-12-31,103.38,188774.0
S002,P038,1826,2013-01-01,2017-12-31,103.25,188533.0
S002,P022,1826,2013-01-01,2017-12-31,103.01,188096.0
S003,P015,1826,2013-01-01,2017-12-31,100.42,183373.0
S003,P028,1826,2013-01-01,2017-12-31,100.14,182862.0
S008,P025,1826,2013-01-01,2017-12-31,99.24,181221.0
S002,P008,1826,2013-01-01,2017-12-31,99.09,180939.0
S010,P015,1826,2013-01-01,2017-12-31,98.99,180757.0
S008,P038,1826,2013-01-01,2017-12-31,98.95,180679.0
S008,P045,1826,2013-01-01,2017-12-31,98.94,180667.0
S008,P022,1826,2013-01-01,2017-12-31,98.91,180618.0
S002,P036,1826,2013-01-01,2017-12-31,98.77,180355.0
S010,P028,1826,2013-01-01,2017-12-31,98.77,180347.0
S003,P013,1826,2013-01-01,2017-12-31,96.21,175688.0
S003,P018,1826,2013-01-01,2017-12-31,96.09,175462.0
S010,P018,1826,2013-01-01,2017-12-31,94.72,172958.0
S010,P013,1826,2013-01-01,2017-12-31,94.68,172894.0
S008,P008,1826,2013-01-01,2017-12-31,94.46,172486.0
S008,P036,1826,2013-01-01,2017-12-31,94.37,172312.0
S002,P010,1826,2013-01-01,2017-12-31,94.1,171822.0
S009,P015,1826,2013-01-01,2017-12-31,93.14,170069.0
S009,P028,1826,2013-01-01,2017-12-31,92.79,169430.0
S004,P015,1826,2013-01-01,2017-12-31,92.65,169186.0
S004,P028,1826,2013-01-01,2017-12-31,92.55,169001.0
S003,P038,1826,2013-01-01,2017-12-31,91.87,167758.0
S003,P045,1826,2013-01-01,2017-12-31,91.85,167720.0
S003,P022,1826,2013-01-01,2017-12-31,91.85,167710.0
S003,P025,1826,2013-01-01,2017-12-31,91.84,167699.0
S010,P045,1826,2013-01-01,2017-12-31,90.69,165601.0
S010,P022,1826,2013-01-01,2017-12-31,90.53,165310.0
S010,P025,1826,2013-01-01,2017-12-31,90.5,165244.0
S010,P038,1826,2013-01-01,2017-12-31,90.1,164525.0
S008,P010,1826,2013-01-01,2017-12-31,89.82,164008.0
S002,P012,1826,2013-01-01,2017-12-31,89.35,163154.0
S002,P033,1826,2013-01-01,2017-12-31,89.31,163083.0
S002,P011,1826,2013-01-01,2017-12-31,89.31,163080.0
S002,P029,1826,2013-01-01,2017-12-31,88.97,162466.0
S009,P018,1826,2013-01-01,2017-12-31,88.61,161803.0
S004,P013,1826,2013-01-01,2017-12-31,88.6,161792.0
S009,P013,1826,2013-01-01,2017-12-31,88.51,161622.0
S004,P018,1826,2013-01-01,2017-12-31,88.5,161604.0
S003,P036,1826,2013-01-01,2017-12-31,87.76,160247.0
S003,P008,1826,2013-01-01,2017-12-31,87.52,159807.0
S010,P036,1826,2013-01-01,2017-12-31,86.63,158180.0
S010,P008,1826,2013-01-01,2017-12-31,86.18,157359.0
S008,P012,1826,2013-01-01,2017-12-31,85.64,156386.0
S008,P011,1826,2013-01-01,2017-12-31,85.5,156118.0
S008,P033,1826,2013-01-01,2017-12-31,85.35,155840.0
S008,P029,1826,2013-01-01,2017-12-31,85.23,155633.0
S009,P025,1826,2013-01-01,2017-12-31,85.14,155460.0
S009,P045,1826,2013-01-01,2017-12-31,85.09,155381.0
S004,P025,1826,2013-01-01,2017-12-31,85.02,155251.0
S009,P022,1826,2013-01-01,2017-12-31,84.86,154960.0
S002,P024,1826,2013-01-01,2017-12-31,84.78,154813.0
S004,P045,1826,2013-01-01,2017-12-31,84.69,154639.0
S002,P035,1826,2013-01-01,2017-12-31,84.66,154594.0
S009,P038,1826,2013-01-01,2017-12-31,84.64,154559.0
S004,P022,1826,2013-01-01,2017-12-31,84.63,154542.0
S002,P050,1826,2013-01-01,2017-12-31,84.62,154520.0
S004,P038,1826,2013-01-01,2017-12-31,84.57,154433.0
S003,P010,1826,2013-01-01,2017-12-31,83.39,152266.0
S010,P010,1826,2013-01-01,2017-12-31,82.23,150156.0
S009,P036,1826,2013-01-01,2017-12-31,81.45,148724.0
S009,P008,1826,2013-01-01,2017-12-31,81.29,148431.0
S008,P024,1826,2013-01-01,2017-12-31,81.21,148284.0
S004,P036,1826,2013-01-01,2017-12-31,81.03,147955.0
S008,P050,1826,2013-01-01,2017-12-31,80.97,147855.0
S008,P035,1826,2013-01-01,2017-12-31,80.84,147620.0
S004,P008,1826,2013-01-01,2017-12-31,80.82,147577.0
S003,P029,1826,2013-01-01,2017-12-31,79.68,145499.0
S001,P015,1826,2013-01-01,2017-12-31,79.68,145497.0
S001,P028,1826,2013-01-01,2017-12-31,79.57,145289.0
S003,P011,1826,2013-01-01,2017-12-31,79.29,144786.0
S003,P033,1826,2013-01-01,2017-12-31,79.13,144490.0
S003,P012,1826,2013-01-01,2017-12-31,79.08,144407.0
S010,P033,1826,2013-01-01,2017-12-31,78.36,143094.0
S010,P011,1826,2013-01-01,2017-12-31,78.27,142925.0
S010,P029,1826,2013-01-01,2017-12-31,78.24,142862.0
S010,P012,1826,2013-01-01,2017-12-31,78.06,142535.0
S009,P010,1826,2013-01-01,2017-12-31,77.11,140794.0
S004,P010,1826,2013-01-01,2017-12-31,77.05,140689.0
S001,P018,1826,2013-01-01,2017-12-31,76.35,139407.0
S001,P013,1826,2013-01-01,2017-12-31,76.16,139067.0
S002,P014,1826,2013-01-01,2017-12-31,75.36,137607.0
S002,P002,1826,2013-01-01,2017-12-31,75.32,137528.0
S002,P031,1826,2013-01-01,2017-12-31,75.28,137455.0
S002,P046,1826,2013-01-01,2017-12-31,75.22,137351.0
S003,P024,1826,2013-01-01,2017-12-31,75.15,137231.0
S002,P007,1826,2013-01-01,2017-12-31,75.06,137057.0
S003,P050,1826,2013-01-01,2017-12-31,74.96,136874.0
S002,P006,1826,2013-01-01,2017-12-31,74.95,136850.0
S003,P035,1826,2013-01-01,2017-12-31,74.62,136262.0
S010,P024,1826,2013-01-01,2017-12-31,74.32,135704.0
S010,P050,1826,2013-01-01,2017-12-31,74.04,135192.0
S010,P035,1826,2013-01-01,2017-12-31,73.64,134473.0
S009,P012,1826,2013-01-01,2017-12-31,73.41,134038.0
S004,P011,1826,2013-01-01,2017-12-31,73.4,134030.0
S004,P033,1826,2013-01-01,2017-12-31,73.38,133989.0
S001,P038,1826,2013-01-01,2017-12-31,73.34,133927.0
S004,P029,1826,2013-01-01,2017-12-31,73.24,133743.0
S009,P029,1826,2013-01-01,2017-12-31,73.19,133641.0
S009,P011,1826,2013-01-01,2017-12-31,73.17,133606.0
S009,P033,1826,2013-01-01,2017-12-31,73.16,133590.0
S004,P012,1826,2013-01-01,2017-12-31,73.1,133486.0
S001,P022,1826,2013-01-01,2017-12-31,72.78,132899.0
S001,P025,1826,2013-01-01,2017-12-31,72.74,132816.0
S001,P045,1826,2013-01-01,2017-12-31,72.72,132788.0
S008,P046,1826,2013-01-01,2017-12-31,72.0,131481.0
S008,P031,1826,2013-01-01,2017-12-31,71.98,131431.0
S008,P006,1826,2013-01-01,2017-12-31,71.96,131396.0
S008,P007,1826,2013-01-01,2017-12-31,71.73,130980.0
S008,P002,1826,2013-01-01,2017-12-31,71.66,130845.0
S008,P014,1826,2013-01-01,2017-12-31,71.6,130747.0
S009,P035,1826,2013-01-01,2017-12-31,69.58,127047.0
S001,P008,1826,2013-01-01,2017-12-31,69.47,126856.0
S009,P024,1826,2013-01-01,2017-12-31,69.47,126845.0
S001,P036,1826,2013-01-01,2017-12-31,69.31,126560.0
S009,P050,1826,2013-01-01,2017-12-31,69.31,126557.0
S004,P024,1826,2013-01-01,2017-12-31,69.12,126212.0
S004,P035,1826,2013-01-01,2017-12-31,68.97,125940.0
S004,P050,1826,2013-01-01,2017-12-31,68.92,125851.0
S003,P006,1826,2013-01-01,2017-12-31,67.01,122355.0
S005,P015,1826,2013-01-01,2017-12-31,66.99,122319.0
S005,P028,1826,2013-01-01,2017-12-31,66.98,122307.0
S003,P031,1826,2013-01-01,2017-12-31,66.97,122295.0
S003,P014,1826,2013-01-01,2017-12-31,66.84,122052.0
S003,P002,1826,2013-01-01,2017-12-31,66.8,121985.0
S003,P046,1826,2013-01-01,2017-12-31,66.75,121882.0
S006,P015,1826,2013-01-01,2017-12-31,66.67,121737.0
S003,P007,1826,2013-01-01,2017-12-31,66.65,121699.0
S006,P028,1826,2013-01-01,2017-12-31,66.46,121357.0
S001,P010,1826,2013-01-01,2017-12-31,66.35,121163.0
S010,P014,1826,2013-01-01,2017-12-31,66.1,120699.0
S010,P046,1826,2013-01-01,2017-12-31,66.05,120601.0
S002,P048,1826,2013-01-01,2017-12-31,66.03,120568.0
S010,P031,1826,2013-01-01,2017-12-31,65.95,120423.0
S010,P007,1826,2013-01-01,2017-12-31,65.81,120165.0
S002,P043,1826,2013-01-01,2017-12-31,65.79,120124.0
S010,P006,1826,2013-01-01,2017-12-31,65.61,119808.0
S010,P002,1826,2013-01-01,2017-12-31,65.57,119725.0
S002,P009,1826,2013-01-01,2017-12-31,65.48,119563.0
S005,P013,1826,2013-01-01,2017-12-31,64.4,117587.0
S006,P013,1826,2013-01-01,2017-12-31,64.32,117457.0
S005,P018,1826,2013-01-01,2017-12-31,64.08,117011.0
S006,P018,1826,2013-01-01,2017-12-31,63.73,116363.0
S001,P012,1826,2013-01-01,2017-12-31,63.23,115465.0
S001,P011,1826,2013-01-01,2017-12-31,63.22,115436.0
S008,P009,1826,2013-01-01,2017-12-31,63.19,115391.0
S001,P029,1826,2013-01-01,2017-12-31,63.09,115196.0
S008,P043,1826,2013-01-01,2017-12-31,62.98,115002.0
S001,P033,1826,2013-01-01,2017-12-31,62.76,114592.0
S008,P048,1826,2013-01-01,2017-12-31,62.74,114558.0
S009,P046,1826,2013-01-01,2017-12-31,62.01,113232.0
S009,P007,1826,2013-01-01,2017-12-31,61.81,112869.0
S009,P002,1826,2013-01-01,2017-12-31,61.79,112833.0
S004,P014,1826,2013-01-01,2017-12-31,61.76,112768.0
S004,P002,1826,2013-01-01,2017-12-31,61.72,112692.0
S004,P007,1826,2013-01-01,2017-12-31,61.63,112528.0
S009,P031,1826,2013-01-01,2017-12-31,61.6,112489.0
S009,P014,1826,2013-01-01,2017-12-31,61.46,112223.0
S005,P045,1826,2013-01-01,2017-12-31,61.43,112166.0
S004,P046,1826,2013-01-01,2017-12-31,61.42,112153.0
S009,P006,1826,2013-01-01,2017-12-31,61.41,112139.0
S005,P022,1826,2013-01-01,2017-12-31,61.39,112095.0
S006,P025,1826,2013-01-01,2017-12-31,61.36,112051.0
S005,P038,1826,2013-01-01,2017-12-31,61.35,112022.0
S006,P038,1826,2013-01-01,2017-12-31,61.32,111967.0
S004,P031,1826,2013-01-01,2017-12-31,61.31,111950.0
S004,P006,1826,2013-01-01,2017-12-31,61.27,111880.0
S005,P025,1826,2013-01-01,2017-12-31,61.2,111752.0
S006,P045,1826,2013-01-01,2017-12-31,61.14,111647.0
S007,P015,1826,2013-01-01,2017-12-31,61.14,111640.0
S007,P028,1826,2013-01-01,2017-12-31,61.1,111576.0
S002,P026,1826,2013-01-01,2017-12-31,61.1,111575.0
S006,P022,1826,2013-01-01,2017-12-31,61.03,111442.0
S002,P020,1826,2013-01-01,2017-12-31,60.98,111346.0
S001,P024,1826,2013-01-01,2017-12-31,60.0,109560.0
S001,P035,1826,2013-01-01,2017-12-31,59.5,108638.0
S001,P050,1826,2013-01-01,2017-12-31,59.34,108360.0
S006,P036,1826,2013-01-01,2017-12-31,58.86,107482.0
S007,P018,1826,2013-01-01,2017-12-31,58.75,107270.0
S003,P048,1826,2013-01-01,2017-12-31,58.7,107188.0
S008,P026,1826,2013-01-01,2017-12-31,58.62,107044.0
S005,P036,1826,2013-01-01,2017-12-31,58.57,106941.0
S005,P008,1826,2013-01-01,2017-12-31,58.57,106941.0
S007,P013,1826,2013-01-01,2017-12-31,58.55,106908.0
S003,P009,1826,2013-01-01,2017-12-31,58.49,106797.0
S006,P008,1826,2013-01-01,2017-12-31,58.39,106612.0
S003,P043,1826,2013-01-01,2017-12-31,58.2,106269.0
S008,P020,1826,2013-01-01,2017-12-31,58.05,105992.0
S010,P043,1826,2013-01-01,2017-12-31,57.94,105803.0
S010,P009,1826,2013-01-01,2017-12-31,57.89,105701.0
S010,P048,1826,2013-01-01,2017-12-31,57.81,105570.0
S002,P032,1826,2013-01-01,2017-12-31,56.76,103635.0
S007,P025,1826,2013-01-01,2017-12-31,56.4,102984.0
S002,P039,1826,2013-01-01,2017-12-31,56.16,102556.0
S007,P022,1826,2013-01-01,2017-12-31,56.02,102299.0
S007,P045,1826,2013-01-01,2017-12-31,55.91,102084.0
S007,P038,1826,2013-01-01,2017-12-31,55.82,101927.0
S006,P010,1826,2013-01-01,2017-12-31,55.57,101462.0
S005,P010,1826,2013-01-01,2017-12-31,55.51,101361.0
S003,P020,1826,2013-01-01,2017-12-31,54.24,99049.0
S003,P026,1826,2013-01-01,2017-12-31,54.19,98960.0
S009,P043,1826,2013-01-01,2017-12-31,54.15,98883.0
S009,P009,1826,2013-01-01,2017-12-31,54.11,98797.0
S004,P009,1826,2013-01-01,2017-12-31,54.04,98684.0
S004,P043,1826,2013-01-01,2017-12-31,54.02,98638.0
S008,P032,1826,2013-01-01,2017-12-31,54.0,98613.0
S009,P048,1826,2013-01-01,2017-12-31,53.98,98562.0
S004,P048,1826,2013-01-01,2017-12-31,53.77,98176.0
S008,P039,1826,2013-01-01,2017-12-31,53.75,98140.0
S007,P008,1826,2013-01-01,2017-12-31,53.72,98100.0
S010,P026,1826,2013-01-01,2017-12-31,53.72,98088.0
S007,P036,1826,2013-01-01,2017-12-31,53.56,97792.0
S006,P029,1826,2013-01-01,2017-12-31,53.25,97238.0
S010,P020,1826,2013-01-01,2017-12-31,53.24,97216.0
S005,P033,1826,2013-01-01,2017-12-31,53.16,97065.0
S001,P002,1826,2013-01-01,2017-12-31,53.15,97050.0
S001,P014,1826,2013-01-01,2017-12-31,53.15,97050.0
S001,P006,1826,2013-01-01,2017-12-31,53.06,96889.0
S005,P012,1826,2013-01-01,2017-12-31,53.05,96868.0
S006,P011,1826,2013-01-01,2017-12-31,53.03,96836.0
S001,P031,1826,2013-01-01,2017-12-31,53.01,96793.0
S005,P011,1826,2013-01-01,2017-12-31,52.98,96742.0
S006,P012,1826,2013-01-01,2017-12-31,52.87,96545.0
S001,P046,1826,2013-01-01,2017-12-31,52.85,96495.0
S001,P007,1826,2013-01-01,2017-12-31,52.78,96383.0
S005,P029,1826,2013-01-01,2017-12-31,52.78,96368.0
S006,P033,1826,2013-01-01,2017-12-31,52.67,96180.0
S002,P030,1826,2013-01-01,2017-12-31,51.83,94633.0
S002,P019,1826,2013-01-01,2017-12-31,51.82,94623.0
S002,P021,1826,2013-01-01,2017-12-31,51.76,94507.0
S007,P010,1826,2013-01-01,2017-12-31,51.16,93412.0
S006,P050,1826,2013-01-01,2017-12-31,50.52,92243.0
S006,P024,1826,2013-01-01,2017-12-31,50.51,92228.0
S005,P050,1826,2013-01-01,2017-12-31,50.32,91883.0
S005,P035,1826,2013-01-01,2017-12-31,50.18,91634.0
S003,P039,1826,2013-01-01,2017-12-31,50.17,91616.0
S005,P024,1826,2013-01-01,2017-12-31,50.15,91568.0
S009,P026,1826,2013-01-01,2017-12-31,50.13,91543.0
S003,P032,1826,2013-01-01,2017-12-31,50.04,91372.0
S004,P020,1826,2013-01-01,2017-12-31,50.02,91341.0
S006,P035,1826,2013-01-01,2017-12-31,49.97,91248.0
S009,P020,1826,2013-01-01,2017-12-31,49.94,91196.0
S004,P026,1826,2013-01-01,2017-12-31,49.9,91121.0
S008,P021,1826,2013-01-01,2017-12-31,49.65,90667.0
S008,P019,1826,2013-01-01,2017-12-31,49.45,90290.0
S010,P039,1826,2013-01-01,2017-12-31,49.4,90206.0
S010,P032,1826,2013-01-01,2017-12-31,49.34,90101.0
S008,P030,1826,2013-01-01,2017-12-31,49.22,89876.0
S007,P012,1826,2013-01-01,2017-12-31,48.55,88650.0
S007,P029,1826,2013-01-01,2017-12-31,48.52,88594.0
S007,P011,1826,2013-01-01,2017-12-31,48.39,88366.0
S007,P033,1826,2013-01-01,2017-12-31,48.34,88260.0
S002,P042,1826,2013-01-01,2017-12-31,47.37,86494.0
S002,P003,1826,2013-01-01,2017-12-31,46.99,85808.0
S001,P048,1826,2013-01-01,2017-12-31,46.55,84993.0
S001,P009,1826,2013-01-01,2017-12-31,46.5,84918.0
S009,P032,1826,2013-01-01,2017-12-31,46.4,84735.0
S009,P039,1826,2013-01-01,2017-12-31,46.27,84497.0
S001,P043,1826,2013-01-01,2017-12-31,46.24,84439.0
S004,P039,1826,2013-01-01,2017-12-31,46.17,84303.0
S004,P032,1826,2013-01-01,2017-12-31,46.06,84111.0
S007,P035,1826,2013-01-01,2017-12-31,46.05,84085.0
S003,P021,1826,2013-01-01,2017-12-31,45.96,83915.0
S003,P030,1826,2013-01-01,2017-12-31,45.95,83902.0
S003,P019,1826,2013-01-01,2017-12-31,45.85,83730.0
S007,P050,1826,2013-01-01,2017-12-31,45.82,83674.0
S007,P024,1826,2013-01-01,2017-12-31,45.74,83530.0
S010,P030,1826,2013-01-01,2017-12-31,45.54,83150.0
S010,P019,1826,2013-01-01,2017-12-31,45.36,82836.0
S010,P021,1826,2013-01-01,2017-12-31,45.23,82595.0
S008,P042,1826,2013-01-01,2017-12-31,45.14,82433.0
S008,P003,1826,2013-01-01,2017-12-31,45.08,82309.0
S005,P014,1826,2013-01-01,2017-12-31,44.91,82010.0
S005,P046,1826,2013-01-01,2017-12-31,44.73,81686.0
S005,P031,1826,2013-01-01,2017-12-31,44.7,81619.0
S006,P031,1826,2013-01-01,2017-12-31,44.63,81496.0
S006,P014,1826,2013-01-01,2017-12-31,44.62,81468.0
S006,P007,1826,2013-01-01,2017-12-31,44.6,81438.0
S005,P006,1826,2013-01-01,2017-12-31,44.56,81375.0
S006,P046,1826,2013-01-01,2017-12-31,44.54,81330.0
S005,P007,1826,2013-01-01,2017-12-31,44.54,81322.0
S006,P002,1826,2013-01-01,2017-12-31,44.53,81319.0
S006,P006,1826,2013-01-01,2017-12-31,44.5,81264.0
S005,P002,1826,2013-01-01,2017-12-31,44.49,81236.0
S001,P026,1826,2013-01-01,2017-12-31,43.24,78949.0
S001,P020,1826,2013-01-01,2017-12-31,42.89,78318.0
S009,P019,1826,2013-01-01,2017-12-31,42.59,77765.0
S009,P021,1826,2013-01-01,2017-12-31,42.58,77742.0
S002,P017,1826,2013-01-01,2017-12-31,42.57,77730.0
S009,P030,1826,2013-01-01,2017-12-31,42.55,77693.0
S004,P030,1826,2013-01-01,2017-12-31,42.49,77584.0
S004,P019,1826,2013-01-01,2017-12-31,42.44,77488.0
S004,P021,1826,2013-01-01,2017-12-31,42.29,77230.0
S003,P042,1826,2013-01-01,2017-12-31,41.8,76322.0
S003,P003,1826,2013-01-01,2017-12-31,41.77,76274.0
S010,P042,1826,2013-01-01,2017-12-31,41.22,75273.0
S010,P003,1826,2013-01-01,2017-12-31,41.11,75073.0
S007,P014,1826,2013-01-01,2017-12-31,41.02,74907.0
S007,P031,1826,2013-01-01,2017-12-31,41.02,74894.0
S007,P046,1826,2013-01-01,2017-12-31,40.83,74553.0
S007,P002,1826,2013-01-01,2017-12-31,40.72,74351.0
S007,P007,1826,2013-01-01,2017-12-31,40.71,74336.0
S007,P006,1826,2013-01-01,2017-12-31,40.7,74325.0
S008,P017,1826,2013-01-01,2017-12-31,40.29,73571.0
S001,P032,1826,2013-01-01,2017-12-31,39.84,72744.0
S001,P039,1826,2013-01-01,2017-12-31,39.69,72483.0
S006,P009,1826,2013-01-01,2017-12-31,39.46,72054.0
S005,P048,1826,2013-01-01,2017-12-31,39.28,71728.0
S005,P043,1826,2013-01-01,2017-12-31,39.16,71512.0
S006,P048,1826,2013-01-01,2017-12-31,39.05,71310.0
S006,P043,1826,2013-01-01,2017-12-31,39.03,71277.0
S005,P009,1826,2013-01-01,2017-12-31,38.84,70917.0
S009,P042,1826,2013-01-01,2017-12-31,38.64,70563.0
S004,P003,1826,2013-01-01,2017-12-31,38.55,70389.0
S004,P042,1826,2013-01-01,2017-12-31,38.54,70374.0
S009,P003,1826,2013-01-01,2017-12-31,38.54,70365.0
S002,P044,1826,2013-01-01,2017-12-31,37.79,68997.0
S003,P017,1826,2013-01-01,2017-12-31,37.75,68937.0
S002,P049,1826,2013-01-01,2017-12-31,37.71,68862.0
S002,P040,1826,2013-01-01,2017-12-31,37.57,68604.0
S002,P023,1826,2013-01-01,2017-12-31,37.57,68601.0
S002,P037,1826,2013-01-01,2017-12-31,37.36,68218.0
S010,P017,1826,2013-01-01,2017-12-31,37.11,67768.0
S001,P019,1826,2013-01-01,2017-12-31,36.68,66972.0
S005,P026,1826,2013-01-01,2017-12-31,36.36,66386.0
S005,P020,1826,2013-01-01,2017-12-31,36.35,66371.0
S001,P030,1826,2013-01-01,2017-12-31,36.32,66317.0
S006,P020,1826,2013-01-01,2017-12-31,36.2,66095.0
S008,P044,1826,2013-01-01,2017-12-31,36.19,66091.0
S001,P021,1826,2013-01-01,2017-12-31,36.18,66058.0
S006,P026,1826,2013-01-01,2017-12-31,36.16,66024.0
S008,P049,1826,2013-01-01,2017-12-31,36.04,65800.0
S008,P037,1826,2013-01-01,2017-12-31,36.03,65786.0
S008,P040,1826,2013-01-01,2017-12-31,36.0,65728.0
S008,P023,1826,2013-01-01,2017-12-31,35.99,65721.0
S007,P009,1826,2013-01-01,2017-12-31,35.9,65557.0
S007,P048,1826,2013-01-01,2017-12-31,35.62,65050.0
S007,P043,1826,2013-01-01,2017-12-31,35.43,64688.0
S009,P017,1826,2013-01-01,2017-12-31,34.75,63451.0
S004,P017,1826,2013-01-01,2017-12-31,34.55,63092.0
S003,P040,1826,2013-01-01,2017-12-31,33.57,61297.0
S006,P032,1826,2013-01-01,2017-12-31,33.44,61067.0
S003,P037,1826,2013-01-01,2017-12-31,33.44,61063.0
S003,P023,1826,2013-01-01,2017-12-31,33.39,60970.0
S003,P044,1826,2013-01-01,2017-12-31,33.39,60963.0
S006,P039,1826,2013-01-01,2017-12-31,33.37,60933.0
S003,P049,1826,2013-01-01,2017-12-31,33.26,60732.0
S005,P032,1826,2013-01-01,2017-12-31,33.26,60728.0
S007,P020,1826,2013-01-01,2017-12-31,33.25,60717.0
S005,P039,1826,2013-01-01,2017-12-31,33.23,60682.0
S001,P003,1826,2013-01-01,2017-12-31,33.21,60638.0
S001,P042,1826,2013-01-01,2017-12-31,33.11,60451.0
S010,P023,1826,2013-01-01,2017-12-31,33.1,60441.0
S002,P034,1826,2013-01-01,2017-12-31,33.09,60425.0
S010,P049,1826,2013-01-01,2017-12-31,33.03,60317.0
S007,P026,1826,2013-01-01,2017-12-31,33.02,60291.0
S010,P040,1826,2013-01-01,2017-12-31,32.98,60218.0
S002,P016,1826,2013-01-01,2017-12-31,32.95,60167.0
S010,P044,1826,2013-01-01,2017-12-31,32.92,60106.0
S010,P037,1826,2013-01-01,2017-12-31,32.78,59849.0
S008,P034,1826,2013-01-01,2017-12-31,31.73,57940.0
S008,P016,1826,2013-01-01,2017-12-31,31.51,57537.0
S009,P049,1826,2013-01-01,2017-12-31,31.05,56702.0
S009,P044,1826,2013-01-01,2017-12-31,30.97,56548.0
S004,P044,1826,2013-01-01,2017-12-31,30.95,56519.0
S009,P023,1826,2013-01-01,2017-12-31,30.88,56390.0
S009,P037,1826,2013-01-01,2017-12-31,30.85,56329.0
S004,P049,1826,2013-01-01,2017-12-31,30.84,56315.0
S006,P021,1826,2013-01-01,2017-12-31,30.82,56285.0
S005,P030,1826,2013-01-01,2017-12-31,30.74,56129.0
S004,P023,1826,2013-01-01,2017-12-31,30.74,56126.0
S004,P037,1826,2013-01-01,2017-12-31,30.74,56125.0
S005,P019,1826,2013-01-01,2017-12-31,30.7,56067.0
S009,P040,1826,2013-01-01,2017-12-31,30.7,56053.0
S007,P032,1826,2013-01-01,2017-12-31,30.67,56001.0
S006,P030,1826,2013-01-01,2017-12-31,30.67,55996.0
S007,P039,1826,2013-01-01,2017-12-31,30.61,55895.0
S004,P040,1826,2013-01-01,2017-12-31,30.56,55794.0
S005,P021,1826,2013-01-01,2017-12-31,30.49,55678.0
S006,P019,1826,2013-01-01,2017-12-31,30.48,55664.0
S001,P017,1826,2013-01-01,2017-12-31,29.97,54729.0
S003,P016,1826,2013-01-01,2017-12-31,29.14,53215.0
S003,P034,1826,2013-01-01,2017-12-31,29.09,53122.0
S010,P034,1826,2013-01-01,2017-12-31,28.81,52600.0
S010,P016,1826,2013-01-01,2017-12-31,28.69,52388.0
S002,P027,1826,2013-01-01,2017-12-31,28.34,51747.0
S002,P004,1826,2013-01-01,2017-12-31,28.23,51557.0
S007,P021,1826,2013-01-01,2017-12-31,28.21,51513.0
S002,P047,1826,2013-01-01,2017-12-31,28.19,51471.0
S007,P019,1826,2013-01-01,2017-12-31,28.18,51457.0
S002,P001,1826,2013-01-01,2017-12-31,28.17,51445.0
S007,P030,1826,2013-01-01,2017-12-31,28.08,51274.0
S002,P041,1826,2013-01-01,2017-12-31,28.07,51255.0
S006,P042,1826,2013-01-01,2017-12-31,27.89,50933.0
S005,P003,1826,2013-01-01,2017-12-31,27.84,50828.0
S006,P003,1826,2013-01-01,2017-12-31,27.81,50783.0
S005,P042,1826,2013-01-01,2017-12-31,27.73,50636.0
S004,P016,1826,2013-01-01,2017-12-31,27.18,49625.0
S008,P047,1826,2013-01-01,2017-12-31,27.15,49576.0
S009,P034,1826,2013-01-01,2017-12-31,27.07,49437.0
S008,P027,1826,2013-01-01,2017-12-31,27.04,49383.0
S008,P041,1826,2013-01-01,2017-12-31,27.04,49368.0
S004,P034,1826,2013-01-01,2017-12-31,27.0,49304.0
S009,P016,1826,2013-01-01,2017-12-31,27.0,49298.0
S008,P001,1826,2013-01-01,2017-12-31,26.98,49272.0
S008,P004,1826,2013-01-01,2017-12-31,26.95,49208.0
S001,P044,1826,2013-01-01,2017-12-31,26.59,48561.0
S001,P023,1826,2013-01-01,2017-12-31,26.47,48334.0
S001,P049,1826,2013-01-01,2017-12-31,26.46,48319.0
S001,P040,1826,2013-01-01,2017-12-31,26.44,48286.0
S001,P037,1826,2013-01-01,2017-12-31,26.42,48251.0
S007,P003,1826,2013-01-01,2017-12-31,25.53,46620.0
S007,P042,1826,2013-01-01,2017-12-31,25.44,46446.0
S003,P047,1826,2013-01-01,2017-12-31,25.12,45870.0
S003,P004,1826,2013-01-01,2017-12-31,25.12,45862.0
S003,P027,1826,2013-01-01,2017-12-31,25.09,45816.0
S003,P001,1826,2013-01-01,2017-12-31,25.07,45778.0
S005,P017,1826,2013-01-01,2017-12-31,25.07,45773.0
S006,P017,1826,2013-01-01,2017-12-31,25.06,45757.0
S003,P041,1826,2013-01-01,2017-12-31,24.99,45630.0
S010,P047,1826,2013-01-01,2017-12-31,24.76,45204.0
S010,P001,1826,2013-01-01,2017-12-31,24.74,45168.0
S010,P004,1826,2013-01-01,2017-12-31,24.72,45141.0
S010,P027,1826,2013-01-01,2017-12-31,24.7,45105.0
S010,P041,1826,2013-01-01,2017-12-31,24.65,45020.0
S002,P005,1826,2013-01-01,2017-12-31,23.54,42985.0
S009,P027,1826,2013-01-01,2017-12-31,23.37,42678.0
S001,P016,1826,2013-01-01,2017-12-31,23.33,42605.0
S009,P001,1826,2013-01-01,2017-12-31,23.33,42593.0
S001,P034,1826,2013-01-01,2017-12-31,23.27,42500.0
S009,P041,1826,2013-01-01,2017-12-31,23.19,42347.0
S004,P041,1826,2013-01-01,2017-12-31,23.17,42305.0
S009,P004,1826,2013-01-01,2017-12-31,23.15,42272.0
S004,P047,1826,2013-01-01,2017-12-31,23.11,42207.0
S004,P027,1826,2013-01-01,2017-12-31,23.11,42202.0
S004,P004,1826,2013-01-01,2017-12-31,23.09,42156.0
S009,P047,1826,2013-01-01,2017-12-31,23.0,42004.0
S004,P001,1826,2013-01-01,2017-12-31,22.94,41886.0
S007,P017,1826,2013-01-01,2017-12-31,22.82,41678.0
S006,P037,1826,2013-01-01,2017-12-31,22.43,40961.0
S008,P005,1826,2013-01-01,2017-12-31,22.43,40953.0
S005,P044,1826,2013-01-01,2017-12-31,22.42,40930.0
S005,P049,1826,2013-01-01,2017-12-31,22.37,40851.0
S005,P023,1826,2013-01-01,2017-12-31,22.35,40809.0
S006,P044,1826,2013-01-01,2017-12-31,22.32,40761.0
S005,P037,1826,2013-01-01,2017-12-31,22.29,40700.0
S006,P023,1826,2013-01-01,2017-12-31,22.25,40622.0
S006,P049,1826,2013-01-01,2017-12-31,22.18,40503.0
S006,P040,1826,2013-01-01,2017-12-31,22.18,40501.0
S005,P040,1826,2013-01-01,2017-12-31,22.11,40372.0
S003,P005,1826,2013-01-01,2017-12-31,20.86,38086.0
S010,P005,1826,2013-01-01,2017-12-31,20.64,37684.0
S007,P044,1826,2013-01-01,2017-12-31,20.45,37335.0
S007,P049,1826,2013-01-01,2017-12-31,20.41,37262.0
S007,P040,1826,2013-01-01,2017-12-31,20.39,37241.0
S007,P037,1826,2013-01-01,2017-12-31,20.25,36976.0
S007,P023,1826,2013-01-01,2017-12-31,20.24,36965.0
S001,P027,1826,2013-01-01,2017-12-31,20.05,36613.0
S001,P041,1826,2013-01-01,2017-12-31,20.0,36525.0
S001,P001,1826,2013-01-01,2017-12-31,19.97,36468.0
S001,P004,1826,2013-01-01,2017-12-31,19.96,36440.0
S001,P047,1826,2013-01-01,2017-12-31,19.81,36181.0
S006,P034,1826,2013-01-01,2017-12-31,19.66,35895.0
S005,P034,1826,2013-01-01,2017-12-31,19.65,35878.0
S006,P016,1826,2013-01-01,2017-12-31,19.62,35821.0
S004,P005,1826,2013-01-01,2017-12-31,19.53,35653.0
S005,P016,1826,2013-01-01,2017-12-31,19.39,35405.0
S009,P005,1826,2013-01-01,2017-12-31,19.27,35191.0
S007,P034,1826,2013-01-01,2017-12-31,17.98,32834.0
S007,P016,1826,2013-01-01,2017-12-31,17.75,32419.0
S005,P041,1826,2013-01-01,2017-12-31,16.83,30733.0
S006,P027,1826,2013-01-01,2017-12-31,16.81,30694.0
S005,P004,1826,2013-01-01,2017-12-31,16.78,30634.0
S005,P027,1826,2013-01-01,2017-12-31,16.76,30610.0
S006,P004,1826,2013-01-01,2017-12-31,16.75,30593.0
S005,P001,1826,2013-01-01,2017-12-31,16.74,30566.0
S006,P001,1826,2013-01-01,2017-12-31,16.72,30527.0
S006,P047,1826,2013-01-01,2017-12-31,16.71,30510.0
S005,P047,1826,2013-01-01,2017-12-31,16.7,30493.0
S001,P005,1826,2013-01-01,2017-12-31,16.61,30335.0
S006,P041,1826,2013-01-01,2017-12-31,16.61,30325.0
S007,P047,1826,2013-01-01,2017-12-31,15.48,28265.0
S007,P041,1826,2013-01-01,2017-12-31,15.47,28251.0
S007,P004,1826,2013-01-01,2017-12-31,15.36,28044.0
S007,P027,1826,2013-01-01,2017-12-31,15.21,27780.0
S007,P001,1826,2013-01-01,2017-12-31,15.16,27681.0
S005,P005,1826,2013-01-01,2017-12-31,14.09,25722.0
S006,P005,1826,2013-01-01,2017-12-31,13.89,25369.0
S007,P005,1826,2013-01-01,2017-12-31,12.73,23252.0
