Model,MAE,RMSE,MAPE,Store_id,Product_id,Forecast_Frequency,Forecast_Horizon,Run_Timestamp
Naive,28.88,32.83,23.95,S001,P001,weekly,8,2026-06-05 05:22:55.630437
Moving Average,28.12,31.85,23.25,S001,P001,weekly,8,2026-06-05 05:22:55.630437
Seasonal Naive,17.38,21.83,12.85,S001,P001,weekly,8,2026-06-05 05:22:55.630437
Trend,35.22,41.5,29.72,S001,P001,weekly,8,2026-06-05 05:22:55.630437
Linear Regression,19.58,22.7,15.48,S001,P001,weekly,8,2026-06-05 05:22:55.630437
Random Forest,14.05,15.35,10.46,S001,P001,weekly,8,2026-06-05 05:22:55.630437
Enhanced Ensemble,20.86,23.53,16.9,S001,P001,weekly,8,2026-06-05 05:22:55.630437
Naive,66.75,90.82,20.65,S001,P002,weekly,8,2026-06-05 05:22:55.630437
Moving Average,62.25,68.49,17.83,S001,P002,weekly,8,2026-06-05 05:22:55.630437
Seasonal Naive,41.88,52.51,10.68,S001,P002,weekly,8,2026-06-05 05:22:55.630437
Trend,66.3,89.8,20.47,S001,P002,weekly,8,2026-06-05 05:22:55.630437
Linear Regression,53.92,57.11,14.29,S001,P002,weekly,8,2026-06-05 05:22:55.630437
Random Forest,39.8,44.52,10.04,S001,P002,weekly,8,2026-06-05 05:22:55.630437
Enhanced Ensemble,43.72,48.35,12.39,S001,P002,weekly,8,2026-06-05 05:22:55.630437
Naive,53.62,63.9,26.81,S001,P003,weekly,8,2026-06-05 05:22:55.630437
Moving Average,39.06,48.87,19.78,S001,P003,weekly,8,2026-06-05 05:22:55.630437
Seasonal Naive,13.0,18.81,6.26,S001,P003,weekly,8,2026-06-05 05:22:55.630437
Trend,55.98,66.31,27.94,S001,P003,weekly,8,2026-06-05 05:22:55.630437
Linear Regression,29.08,32.44,13.98,S001,P003,weekly,8,2026-06-05 05:22:55.630437
Random Forest,9.01,11.82,4.15,S001,P003,weekly,8,2026-06-05 05:22:55.630437
Enhanced Ensemble,26.47,33.57,13.45,S001,P003,weekly,8,2026-06-05 05:22:55.630437
Naive,26.12,30.33,18.41,S001,P004,weekly,8,2026-06-05 05:22:55.630437
Moving Average,31.31,33.54,25.56,S001,P004,weekly,8,2026-06-05 05:22:55.630437
Seasonal Naive,17.62,20.06,12.75,S001,P004,weekly,8,2026-06-05 05:22:55.630437
Trend,35.83,43.11,31.07,S001,P004,weekly,8,2026-06-05 05:22:55.630437
Linear Regression,27.0,28.26,21.14,S001,P004,weekly,8,2026-06-05 05:22:55.630437
Random Forest,16.73,19.22,11.75,S001,P004,weekly,8,2026-06-05 05:22:55.630437
Enhanced Ensemble,25.54,26.39,19.94,S001,P004,weekly,8,2026-06-05 05:22:55.630437
Naive,20.0,23.47,19.37,S001,P005,weekly,8,2026-06-05 05:22:55.630437
Moving Average,20.62,24.56,20.27,S001,P005,weekly,8,2026-06-05 05:22:55.630437
Seasonal Naive,14.25,15.59,12.58,S001,P005,weekly,8,2026-06-05 05:22:55.630437
Trend,29.66,34.54,29.71,S001,P005,weekly,8,2026-06-05 05:22:55.630437
Linear Regression,17.39,20.3,16.43,S001,P005,weekly,8,2026-06-05 05:22:55.630437
Random Forest,10.11,12.5,8.89,S001,P005,weekly,8,2026-06-05 05:22:55.630437
Enhanced Ensemble,16.16,19.48,15.72,S001,P005,weekly,8,2026-06-05 05:22:55.630437
Naive,69.12,84.07,20.2,S001,P006,weekly,8,2026-06-05 05:22:55.630437
Moving Average,56.12,64.14,15.56,S001,P006,weekly,8,2026-06-05 05:22:55.630437
Seasonal Naive,43.0,51.82,10.73,S001,P006,weekly,8,2026-06-05 05:22:55.630437
Trend,72.65,87.79,21.22,S001,P006,weekly,8,2026-06-05 05:22:55.630437
Linear Regression,46.35,53.98,11.95,S001,P006,weekly,8,2026-06-05 05:22:55.630437
Random Forest,28.3,35.8,7.03,S001,P006,weekly,8,2026-06-05 05:22:55.630437
Enhanced Ensemble,38.42,47.65,10.64,S001,P006,weekly,8,2026-06-05 05:22:55.630437
Naive,69.0,80.25,21.12,S001,P007,weekly,8,2026-06-05 05:22:55.630437
Moving Average,69.62,81.06,21.34,S001,P007,weekly,8,2026-06-05 05:22:55.630437
Seasonal Naive,26.88,31.67,7.53,S001,P007,weekly,8,2026-06-05 05:22:55.630437
Trend,82.09,99.01,25.56,S001,P007,weekly,8,2026-06-05 05:22:55.630437
Linear Regression,50.03,54.18,14.09,S001,P007,weekly,8,2026-06-05 05:22:55.630437
Random Forest,21.27,25.85,5.69,S001,P007,weekly,8,2026-06-05 05:22:55.630437
Enhanced Ensemble,43.86,49.74,13.13,S001,P007,weekly,8,2026-06-05 05:22:55.630437
Naive,92.12,110.19,21.18,S001,P008,weekly,8,2026-06-05 05:22:55.630437
Moving Average,84.19,97.64,19.12,S001,P008,weekly,8,2026-06-05 05:22:55.630437
Seasonal Naive,26.25,35.11,4.95,S001,P008,weekly,8,2026-06-05 05:22:55.630437
Trend,104.67,126.11,24.14,S001,P008,weekly,8,2026-06-05 05:22:55.630437
Linear Regression,66.34,68.57,14.09,S001,P008,weekly,8,2026-06-05 05:22:55.630437
Random Forest,27.13,34.83,5.5,S001,P008,weekly,8,2026-06-05 05:22:55.630437
Enhanced Ensemble,60.32,66.93,13.44,S001,P008,weekly,8,2026-06-05 05:22:55.630437
Naive,56.25,74.54,20.95,S001,P009,weekly,8,2026-06-05 05:22:55.630437
Moving Average,50.75,62.17,18.41,S001,P009,weekly,8,2026-06-05 05:22:55.630437
Seasonal Naive,19.75,24.65,6.52,S001,P009,weekly,8,2026-06-05 05:22:55.630437
Trend,77.07,93.2,27.93,S001,P009,weekly,8,2026-06-05 05:22:55.630437
Linear Regression,41.85,44.89,14.39,S001,P009,weekly,8,2026-06-05 05:22:55.630437
Random Forest,13.93,16.39,4.18,S001,P009,weekly,8,2026-06-05 05:22:55.630437
Enhanced Ensemble,34.66,43.73,12.69,S001,P009,weekly,8,2026-06-05 05:22:55.630437
Naive,94.0,121.0,23.11,S001,P010,weekly,8,2026-06-05 05:22:55.630437
Moving Average,77.25,87.16,17.88,S001,P010,weekly,8,2026-06-05 05:22:55.630437
Seasonal Naive,41.25,45.42,8.85,S001,P010,weekly,8,2026-06-05 05:22:55.630437
Trend,92.19,117.72,22.6,S001,P010,weekly,8,2026-06-05 05:22:55.630437
Linear Regression,64.86,68.78,14.01,S001,P010,weekly,8,2026-06-05 05:22:55.630437
Random Forest,27.39,31.9,5.67,S001,P010,weekly,8,2026-06-05 05:22:55.630437
Enhanced Ensemble,51.05,59.79,11.94,S001,P010,weekly,8,2026-06-05 05:22:55.630437
Naive,54.5,63.75,33.42,S002,P001,weekly,8,2026-06-05 05:22:55.630437
Moving Average,45.5,54.35,28.02,S002,P001,weekly,8,2026-06-05 05:22:55.630437
Seasonal Naive,19.0,22.15,10.78,S002,P001,weekly,8,2026-06-05 05:22:55.630437
Trend,53.49,62.87,32.85,S002,P001,weekly,8,2026-06-05 05:22:55.630437
Linear Regression,30.67,35.4,18.1,S002,P001,weekly,8,2026-06-05 05:22:55.630437
Random Forest,14.38,16.26,8.18,S002,P001,weekly,8,2026-06-05 05:22:55.630437
Enhanced Ensemble,32.08,38.98,19.78,S002,P001,weekly,8,2026-06-05 05:22:55.630437
Naive,92.0,107.76,19.88,S002,P002,weekly,8,2026-06-05 05:22:55.630437
Moving Average,91.25,105.9,19.65,S002,P002,weekly,8,2026-06-05 05:22:55.630437
Seasonal Naive,34.5,42.24,6.6,S002,P002,weekly,8,2026-06-05 05:22:55.630437
Trend,114.54,142.91,25.28,S002,P002,weekly,8,2026-06-05 05:22:55.630437
Linear Regression,72.44,77.88,14.85,S002,P002,weekly,8,2026-06-05 05:22:55.630437
Random Forest,33.83,38.19,6.38,S002,P002,weekly,8,2026-06-05 05:22:55.630437
Enhanced Ensemble,59.16,67.66,12.59,S002,P002,weekly,8,2026-06-05 05:22:55.630437
Naive,58.12,70.68,19.12,S002,P003,weekly,8,2026-06-05 05:22:55.630437
Moving Average,53.81,62.38,17.17,S002,P003,weekly,8,2026-06-05 05:22:55.630437
Seasonal Naive,25.0,34.37,7.11,S002,P003,weekly,8,2026-06-05 05:22:55.630437
Trend,61.31,76.86,20.41,S002,P003,weekly,8,2026-06-05 05:22:55.630437
Linear Regression,47.21,52.11,13.69,S002,P003,weekly,8,2026-06-05 05:22:55.630437
Random Forest,27.28,31.2,7.52,S002,P003,weekly,8,2026-06-05 05:22:55.630437
Enhanced Ensemble,36.61,42.76,11.54,S002,P003,weekly,8,2026-06-05 05:22:55.630437
Naive,30.62,38.24,17.26,S002,P004,weekly,8,2026-06-05 05:22:55.630437
Moving Average,30.19,37.22,16.93,S002,P004,weekly,8,2026-06-05 05:22:55.630437
Seasonal Naive,20.88,23.36,10.35,S002,P004,weekly,8,2026-06-05 05:22:55.630437
Trend,39.15,48.66,22.19,S002,P004,weekly,8,2026-06-05 05:22:55.630437
Linear Regression,25.56,27.59,13.15,S002,P004,weekly,8,2026-06-05 05:22:55.630437
Random Forest,15.47,18.2,7.48,S002,P004,weekly,8,2026-06-05 05:22:55.630437
Enhanced Ensemble,21.41,25.08,11.7,S002,P004,weekly,8,2026-06-05 05:22:55.630437
Naive,25.38,33.54,17.59,S002,P005,weekly,8,2026-06-05 05:22:55.630437
Moving Average,23.12,27.04,15.34,S002,P005,weekly,8,2026-06-05 05:22:55.630437
Seasonal Naive,13.12,17.56,7.92,S002,P005,weekly,8,2026-06-05 05:22:55.630437
Trend,31.73,40.58,21.8,S002,P005,weekly,8,2026-06-05 05:22:55.630437
Linear Regression,19.95,22.41,12.65,S002,P005,weekly,8,2026-06-05 05:22:55.630437
Random Forest,11.86,13.1,7.22,S002,P005,weekly,8,2026-06-05 05:22:55.630437
Enhanced Ensemble,14.58,18.51,9.93,S002,P005,weekly,8,2026-06-05 05:22:55.630437
Naive,107.5,126.77,23.35,S002,P006,weekly,8,2026-06-05 05:22:55.630437
Moving Average,90.5,103.17,19.34,S002,P006,weekly,8,2026-06-05 05:22:55.630437
Seasonal Naive,22.5,37.06,4.34,S002,P006,weekly,8,2026-06-05 05:22:55.630437
Trend,122.46,143.3,26.56,S002,P006,weekly,8,2026-06-05 05:22:55.630437
Linear Regression,65.59,74.76,13.53,S002,P006,weekly,8,2026-06-05 05:22:55.630437
Random Forest,24.46,30.96,4.51,S002,P006,weekly,8,2026-06-05 05:22:55.630437
Enhanced Ensemble,65.89,73.69,14.02,S002,P006,weekly,8,2026-06-05 05:22:55.630437
Naive,108.62,128.13,23.53,S002,P007,weekly,8,2026-06-05 05:22:55.630437
Moving Average,98.88,112.02,21.03,S002,P007,weekly,8,2026-06-05 05:22:55.630437
Seasonal Naive,27.75,40.7,5.2,S002,P007,weekly,8,2026-06-05 05:22:55.630437
Trend,118.46,142.69,25.87,S002,P007,weekly,8,2026-06-05 05:22:55.630437
Linear Regression,74.45,78.19,14.55,S002,P007,weekly,8,2026-06-05 05:22:55.630437
Random Forest,34.01,43.45,6.08,S002,P007,weekly,8,2026-06-05 05:22:55.630437
Enhanced Ensemble,68.01,74.71,14.17,S002,P007,weekly,8,2026-06-05 05:22:55.630437
Naive,128.88,160.42,21.0,S002,P008,weekly,8,2026-06-05 05:22:55.630437
Moving Average,109.06,138.13,17.79,S002,P008,weekly,8,2026-06-05 05:22:55.630437
Seasonal Naive,54.5,69.48,7.89,S002,P008,weekly,8,2026-06-05 05:22:55.630437
Trend,140.23,173.0,22.8,S002,P008,weekly,8,2026-06-05 05:22:55.630437
Linear Regression,82.74,88.87,12.37,S002,P008,weekly,8,2026-06-05 05:22:55.630437
Random Forest,36.02,44.73,5.2,S002,P008,weekly,8,2026-06-05 05:22:55.630437
Enhanced Ensemble,66.79,86.82,10.87,S002,P008,weekly,8,2026-06-05 05:22:55.630437
Naive,100.38,119.13,25.26,S002,P009,weekly,8,2026-06-05 05:22:55.630437
Moving Average,82.38,97.3,20.25,S002,P009,weekly,8,2026-06-05 05:22:55.630437
Seasonal Naive,31.38,37.78,6.99,S002,P009,weekly,8,2026-06-05 05:22:55.630437
Trend,107.86,129.48,27.29,S002,P009,weekly,8,2026-06-05 05:22:55.630437
Linear Regression,69.55,75.79,15.98,S002,P009,weekly,8,2026-06-05 05:22:55.630437
Random Forest,24.84,34.54,4.97,S002,P009,weekly,8,2026-06-05 05:22:55.630437
Enhanced Ensemble,59.21,68.29,14.37,S002,P009,weekly,8,2026-06-05 05:22:55.630437
Naive,130.0,149.41,21.89,S002,P010,weekly,8,2026-06-05 05:22:55.630437
Moving Average,115.69,129.43,19.12,S002,P010,weekly,8,2026-06-05 05:22:55.630437
Seasonal Naive,31.38,40.66,5.11,S002,P010,weekly,8,2026-06-05 05:22:55.630437
Trend,147.17,174.47,25.09,S002,P010,weekly,8,2026-06-05 05:22:55.630437
Linear Regression,87.26,92.46,13.46,S002,P010,weekly,8,2026-06-05 05:22:55.630437
Random Forest,39.52,46.14,5.91,S002,P010,weekly,8,2026-06-05 05:22:55.630437
Enhanced Ensemble,74.52,82.66,12.21,S002,P010,weekly,8,2026-06-05 05:22:55.630437
Naive,34.38,41.72,21.57,S003,P001,weekly,8,2026-06-05 05:22:55.630437
Moving Average,24.25,31.37,15.47,S003,P001,weekly,8,2026-06-05 05:22:55.630437
Seasonal Naive,11.38,12.69,6.15,S003,P001,weekly,8,2026-06-05 05:22:55.630437
Trend,34.55,42.2,21.71,S003,P001,weekly,8,2026-06-05 05:22:55.630437
Linear Regression,16.6,21.23,10.06,S003,P001,weekly,8,2026-06-05 05:22:55.630437
Random Forest,10.25,11.71,6.2,S003,P001,weekly,8,2026-06-05 05:22:55.630437
Enhanced Ensemble,15.59,21.03,10.04,S003,P001,weekly,8,2026-06-05 05:22:55.630437
Naive,75.75,89.65,18.19,S003,P002,weekly,8,2026-06-05 05:22:55.630437
Moving Average,71.0,78.71,16.62,S003,P002,weekly,8,2026-06-05 05:22:55.630437
Seasonal Naive,30.38,35.23,6.52,S003,P002,weekly,8,2026-06-05 05:22:55.630437
Trend,99.35,121.44,24.09,S003,P002,weekly,8,2026-06-05 05:22:55.630437
Linear Regression,56.32,60.21,12.61,S003,P002,weekly,8,2026-06-05 05:22:55.630437
Random Forest,28.62,32.91,5.87,S003,P002,weekly,8,2026-06-05 05:22:55.630437
Enhanced Ensemble,49.22,54.92,11.51,S003,P002,weekly,8,2026-06-05 05:22:55.630437
Naive,50.88,61.19,19.38,S003,P003,weekly,8,2026-06-05 05:22:55.630437
Moving Average,46.5,51.72,17.13,S003,P003,weekly,8,2026-06-05 05:22:55.630437
Seasonal Naive,26.38,29.3,9.04,S003,P003,weekly,8,2026-06-05 05:22:55.630437
Trend,58.99,72.7,22.71,S003,P003,weekly,8,2026-06-05 05:22:55.630437
Linear Regression,35.24,40.07,12.23,S003,P003,weekly,8,2026-06-05 05:22:55.630437
Random Forest,24.04,27.31,7.85,S003,P003,weekly,8,2026-06-05 05:22:55.630437
Enhanced Ensemble,32.28,37.52,11.88,S003,P003,weekly,8,2026-06-05 05:22:55.630437
Naive,29.38,35.65,19.12,S003,P004,weekly,8,2026-06-05 05:22:55.630437
Moving Average,31.56,38.18,20.68,S003,P004,weekly,8,2026-06-05 05:22:55.630437
Seasonal Naive,14.88,16.18,9.05,S003,P004,weekly,8,2026-06-05 05:22:55.630437
Trend,43.3,49.68,28.32,S003,P004,weekly,8,2026-06-05 05:22:55.630437
Linear Regression,21.19,25.51,13.13,S003,P004,weekly,8,2026-06-05 05:22:55.630437
Random Forest,11.22,14.98,6.29,S003,P004,weekly,8,2026-06-05 05:22:55.630437
Enhanced Ensemble,20.05,25.17,13.03,S003,P004,weekly,8,2026-06-05 05:22:55.630437
Naive,17.0,18.05,11.41,S003,P005,weekly,8,2026-06-05 05:22:55.630437
Moving Average,17.25,22.53,12.61,S003,P005,weekly,8,2026-06-05 05:22:55.630437
Seasonal Naive,24.75,27.78,16.28,S003,P005,weekly,8,2026-06-05 05:22:55.630437
Trend,24.26,30.52,17.64,S003,P005,weekly,8,2026-06-05 05:22:55.630437
Linear Regression,13.5,14.77,8.92,S003,P005,weekly,8,2026-06-05 05:22:55.630437
Random Forest,13.72,15.34,9.27,S003,P005,weekly,8,2026-06-05 05:22:55.630437
Enhanced Ensemble,8.67,10.84,6.0,S003,P005,weekly,8,2026-06-05 05:22:55.630437
Naive,94.25,112.5,22.87,S003,P006,weekly,8,2026-06-05 05:22:55.630437
Moving Average,78.69,90.96,18.73,S003,P006,weekly,8,2026-06-05 05:22:55.630437
Seasonal Naive,35.75,47.78,7.84,S003,P006,weekly,8,2026-06-05 05:22:55.630437
Trend,108.46,128.36,26.3,S003,P006,weekly,8,2026-06-05 05:22:55.630437
Linear Regression,60.27,65.33,13.59,S003,P006,weekly,8,2026-06-05 05:22:55.630437
Random Forest,28.11,35.16,6.0,S003,P006,weekly,8,2026-06-05 05:22:55.630437
Enhanced Ensemble,52.99,59.74,12.42,S003,P006,weekly,8,2026-06-05 05:22:55.630437
Naive,85.38,93.75,19.86,S003,P007,weekly,8,2026-06-05 05:22:55.630437
Moving Average,83.12,88.91,19.09,S003,P007,weekly,8,2026-06-05 05:22:55.630437
Seasonal Naive,27.0,31.82,5.85,S003,P007,weekly,8,2026-06-05 05:22:55.630437
Trend,96.54,121.4,23.49,S003,P007,weekly,8,2026-06-05 05:22:55.630437
Linear Regression,64.57,67.1,13.88,S003,P007,weekly,8,2026-06-05 05:22:55.630437
Random Forest,32.81,38.87,6.55,S003,P007,weekly,8,2026-06-05 05:22:55.630437
Enhanced Ensemble,55.43,57.74,12.5,S003,P007,weekly,8,2026-06-05 05:22:55.630437
Naive,115.75,142.62,21.82,S003,P008,weekly,8,2026-06-05 05:22:55.630437
Moving Average,108.31,124.67,19.86,S003,P008,weekly,8,2026-06-05 05:22:55.630437
Seasonal Naive,36.12,46.54,5.54,S003,P008,weekly,8,2026-06-05 05:22:55.630437
Trend,130.91,167.38,25.0,S003,P008,weekly,8,2026-06-05 05:22:55.630437
Linear Regression,85.8,93.83,14.83,S003,P008,weekly,8,2026-06-05 05:22:55.630437
Random Forest,36.04,46.05,5.48,S003,P008,weekly,8,2026-06-05 05:22:55.630437
Enhanced Ensemble,77.11,88.26,14.02,S003,P008,weekly,8,2026-06-05 05:22:55.630437
Naive,63.0,78.78,17.37,S003,P009,weekly,8,2026-06-05 05:22:55.630437
Moving Average,55.88,64.87,15.08,S003,P009,weekly,8,2026-06-05 05:22:55.630437
Seasonal Naive,21.38,24.34,5.22,S003,P009,weekly,8,2026-06-05 05:22:55.630437
Trend,87.43,102.5,23.72,S003,P009,weekly,8,2026-06-05 05:22:55.630437
Linear Regression,42.02,46.02,10.93,S003,P009,weekly,8,2026-06-05 05:22:55.630437
Random Forest,14.24,18.5,3.42,S003,P009,weekly,8,2026-06-05 05:22:55.630437
Enhanced Ensemble,37.19,45.2,10.15,S003,P009,weekly,8,2026-06-05 05:22:55.630437
Naive,110.88,147.4,23.05,S003,P010,weekly,8,2026-06-05 05:22:55.630437
Moving Average,99.44,136.66,20.87,S003,P010,weekly,8,2026-06-05 05:22:55.630437
Seasonal Naive,35.5,45.28,6.51,S003,P010,weekly,8,2026-06-05 05:22:55.630437
Trend,129.8,165.47,26.61,S003,P010,weekly,8,2026-06-05 05:22:55.630437
Linear Regression,81.82,92.19,15.77,S003,P010,weekly,8,2026-06-05 05:22:55.630437
Random Forest,37.34,41.4,6.88,S003,P010,weekly,8,2026-06-05 05:22:55.630437
Enhanced Ensemble,64.47,89.47,13.55,S003,P010,weekly,8,2026-06-05 05:22:55.630437
Naive,24.88,29.33,16.73,S004,P001,weekly,8,2026-06-05 05:22:55.630437
Moving Average,22.12,23.56,14.19,S004,P001,weekly,8,2026-06-05 05:22:55.630437
Seasonal Naive,17.5,19.28,10.67,S004,P001,weekly,8,2026-06-05 05:22:55.630437
Trend,33.19,38.29,22.41,S004,P001,weekly,8,2026-06-05 05:22:55.630437
Linear Regression,16.55,19.41,10.25,S004,P001,weekly,8,2026-06-05 05:22:55.630437
Random Forest,13.68,17.3,7.98,S004,P001,weekly,8,2026-06-05 05:22:55.630437
Enhanced Ensemble,16.32,18.06,10.4,S004,P001,weekly,8,2026-06-05 05:22:55.630437
Naive,81.12,100.25,21.39,S004,P002,weekly,8,2026-06-05 05:22:55.630437
Moving Average,67.75,77.93,17.45,S004,P002,weekly,8,2026-06-05 05:22:55.630437
Seasonal Naive,22.25,29.55,5.64,S004,P002,weekly,8,2026-06-05 05:22:55.630437
Trend,92.14,111.74,24.17,S004,P002,weekly,8,2026-06-05 05:22:55.630437
Linear Regression,51.13,54.74,12.43,S004,P002,weekly,8,2026-06-05 05:22:55.630437
Random Forest,27.32,32.94,6.53,S004,P002,weekly,8,2026-06-05 05:22:55.630437
Enhanced Ensemble,42.88,51.47,11.14,S004,P002,weekly,8,2026-06-05 05:22:55.630437
Naive,45.5,52.46,19.05,S004,P003,weekly,8,2026-06-05 05:22:55.630437
Moving Average,44.12,49.24,18.23,S004,P003,weekly,8,2026-06-05 05:22:55.630437
Seasonal Naive,31.25,32.74,12.1,S004,P003,weekly,8,2026-06-05 05:22:55.630437
Trend,61.99,73.72,26.33,S004,P003,weekly,8,2026-06-05 05:22:55.630437
Linear Regression,34.46,37.63,13.73,S004,P003,weekly,8,2026-06-05 05:22:55.630437
Random Forest,25.97,29.58,9.84,S004,P003,weekly,8,2026-06-05 05:22:55.630437
Enhanced Ensemble,28.67,33.8,11.83,S004,P003,weekly,8,2026-06-05 05:22:55.630437
Naive,26.12,30.3,15.84,S004,P004,weekly,8,2026-06-05 05:22:55.630437
Moving Average,26.56,31.23,17.29,S004,P004,weekly,8,2026-06-05 05:22:55.630437
Seasonal Naive,23.38,27.59,13.82,S004,P004,weekly,8,2026-06-05 05:22:55.630437
Trend,30.03,36.73,20.36,S004,P004,weekly,8,2026-06-05 05:22:55.630437
Linear Regression,25.22,28.18,14.83,S004,P004,weekly,8,2026-06-05 05:22:55.630437
Random Forest,23.94,28.23,13.44,S004,P004,weekly,8,2026-06-05 05:22:55.630437
Enhanced Ensemble,21.35,23.26,13.03,S004,P004,weekly,8,2026-06-05 05:22:55.630437
Naive,23.12,29.7,20.07,S004,P005,weekly,8,2026-06-05 05:22:55.630437
Moving Average,17.88,24.0,15.66,S004,P005,weekly,8,2026-06-05 05:22:55.630437
Seasonal Naive,13.88,16.87,10.54,S004,P005,weekly,8,2026-06-05 05:22:55.630437
Trend,33.23,38.3,27.94,S004,P005,weekly,8,2026-06-05 05:22:55.630437
Linear Regression,12.83,16.27,10.89,S004,P005,weekly,8,2026-06-05 05:22:55.630437
Random Forest,7.74,9.59,5.95,S004,P005,weekly,8,2026-06-05 05:22:55.630437
Enhanced Ensemble,13.09,17.59,11.45,S004,P005,weekly,8,2026-06-05 05:22:55.630437
Naive,64.62,74.23,17.07,S004,P006,weekly,8,2026-06-05 05:22:55.630437
Moving Average,66.69,78.95,17.83,S004,P006,weekly,8,2026-06-05 05:22:55.630437
Seasonal Naive,22.0,26.63,5.33,S004,P006,weekly,8,2026-06-05 05:22:55.630437
Trend,97.18,116.45,26.12,S004,P006,weekly,8,2026-06-05 05:22:55.630437
Linear Regression,49.31,54.27,12.56,S004,P006,weekly,8,2026-06-05 05:22:55.630437
Random Forest,21.08,24.39,4.96,S004,P006,weekly,8,2026-06-05 05:22:55.630437
Enhanced Ensemble,44.78,52.9,11.9,S004,P006,weekly,8,2026-06-05 05:22:55.630437
Naive,99.38,119.68,26.37,S004,P007,weekly,8,2026-06-05 05:22:55.630437
Moving Average,75.56,89.79,19.92,S004,P007,weekly,8,2026-06-05 05:22:55.630437
Seasonal Naive,26.88,32.98,6.2,S004,P007,weekly,8,2026-06-05 05:22:55.630437
Trend,91.44,112.84,24.44,S004,P007,weekly,8,2026-06-05 05:22:55.630437
Linear Regression,54.0,57.78,13.08,S004,P007,weekly,8,2026-06-05 05:22:55.630437
Random Forest,22.73,27.86,5.34,S004,P007,weekly,8,2026-06-05 05:22:55.630437
Enhanced Ensemble,49.37,58.83,12.97,S004,P007,weekly,8,2026-06-05 05:22:55.630437
Naive,102.25,121.96,19.85,S004,P008,weekly,8,2026-06-05 05:22:55.630437
Moving Average,95.75,108.42,18.07,S004,P008,weekly,8,2026-06-05 05:22:55.630437
Seasonal Naive,51.25,57.06,8.5,S004,P008,weekly,8,2026-06-05 05:22:55.630437
Trend,116.69,143.06,22.99,S004,P008,weekly,8,2026-06-05 05:22:55.630437
Linear Regression,81.58,86.45,14.35,S004,P008,weekly,8,2026-06-05 05:22:55.630437
Random Forest,36.92,46.41,5.96,S004,P008,weekly,8,2026-06-05 05:22:55.630437
Enhanced Ensemble,65.0,74.69,12.14,S004,P008,weekly,8,2026-06-05 05:22:55.630437
Naive,69.38,76.95,19.65,S004,P009,weekly,8,2026-06-05 05:22:55.630437
Moving Average,63.31,66.37,17.13,S004,P009,weekly,8,2026-06-05 05:22:55.630437
Seasonal Naive,25.38,31.45,6.73,S004,P009,weekly,8,2026-06-05 05:22:55.630437
Trend,76.69,92.67,22.43,S004,P009,weekly,8,2026-06-05 05:22:55.630437
Linear Regression,49.28,55.07,12.44,S004,P009,weekly,8,2026-06-05 05:22:55.630437
Random Forest,28.81,33.2,7.12,S004,P009,weekly,8,2026-06-05 05:22:55.630437
Enhanced Ensemble,41.71,44.92,11.25,S004,P009,weekly,8,2026-06-05 05:22:55.630437
Naive,80.62,98.94,16.7,S004,P010,weekly,8,2026-06-05 05:22:55.630437
Moving Average,80.25,98.01,16.6,S004,P010,weekly,8,2026-06-05 05:22:55.630437
Seasonal Naive,37.5,45.41,7.26,S004,P010,weekly,8,2026-06-05 05:22:55.630437
Trend,106.55,132.88,22.23,S004,P010,weekly,8,2026-06-05 05:22:55.630437
Linear Regression,59.23,67.79,11.49,S004,P010,weekly,8,2026-06-05 05:22:55.630437
Random Forest,31.2,35.66,5.74,S004,P010,weekly,8,2026-06-05 05:22:55.630437
Enhanced Ensemble,49.13,62.93,10.19,S004,P010,weekly,8,2026-06-05 05:22:55.630437
Naive,16.75,19.72,15.51,S005,P001,weekly,8,2026-06-05 05:22:55.630437
Moving Average,18.12,22.72,17.2,S005,P001,weekly,8,2026-06-05 05:22:55.630437
Seasonal Naive,11.5,14.9,9.23,S005,P001,weekly,8,2026-06-05 05:22:55.630437
Trend,22.54,28.23,21.44,S005,P001,weekly,8,2026-06-05 05:22:55.630437
Linear Regression,12.57,15.23,11.15,S005,P001,weekly,8,2026-06-05 05:22:55.630437
Random Forest,7.35,8.9,6.17,S005,P001,weekly,8,2026-06-05 05:22:55.630437
Enhanced Ensemble,11.3,14.06,10.48,S005,P001,weekly,8,2026-06-05 05:22:55.630437
Naive,62.5,75.39,22.6,S005,P002,weekly,8,2026-06-05 05:22:55.630437
Moving Average,42.88,48.83,14.79,S005,P002,weekly,8,2026-06-05 05:22:55.630437
Seasonal Naive,16.12,21.9,5.05,S005,P002,weekly,8,2026-06-05 05:22:55.630437
Trend,67.76,81.93,24.51,S005,P002,weekly,8,2026-06-05 05:22:55.630437
Linear Regression,37.98,43.62,13.03,S005,P002,weekly,8,2026-06-05 05:22:55.630437
Random Forest,16.16,22.96,4.87,S005,P002,weekly,8,2026-06-05 05:22:55.630437
Enhanced Ensemble,34.25,39.27,12.07,S005,P002,weekly,8,2026-06-05 05:22:55.630437
Naive,39.5,43.58,21.68,S005,P003,weekly,8,2026-06-05 05:22:55.630437
Moving Average,36.62,39.27,19.3,S005,P003,weekly,8,2026-06-05 05:22:55.630437
Seasonal Naive,19.38,28.09,8.93,S005,P003,weekly,8,2026-06-05 05:22:55.630437
Trend,42.21,48.85,23.75,S005,P003,weekly,8,2026-06-05 05:22:55.630437
Linear Regression,27.83,34.18,13.29,S005,P003,weekly,8,2026-06-05 05:22:55.630437
Random Forest,20.07,24.49,9.15,S005,P003,weekly,8,2026-06-05 05:22:55.630437
Enhanced Ensemble,25.86,28.47,13.24,S005,P003,weekly,8,2026-06-05 05:22:55.630437
Naive,25.38,32.12,25.28,S005,P004,weekly,8,2026-06-05 05:22:55.630437
Moving Average,17.62,22.74,17.62,S005,P004,weekly,8,2026-06-05 05:22:55.630437
Seasonal Naive,14.12,16.59,12.78,S005,P004,weekly,8,2026-06-05 05:22:55.630437
Trend,23.93,31.23,24.08,S005,P004,weekly,8,2026-06-05 05:22:55.630437
Linear Regression,15.71,19.94,15.36,S005,P004,weekly,8,2026-06-05 05:22:55.630437
Random Forest,10.33,11.45,9.45,S005,P004,weekly,8,2026-06-05 05:22:55.630437
Enhanced Ensemble,12.15,18.76,12.84,S005,P004,weekly,8,2026-06-05 05:22:55.630437
Naive,18.25,22.42,20.34,S005,P005,weekly,8,2026-06-05 05:22:55.630437
Moving Average,15.25,18.37,16.85,S005,P005,weekly,8,2026-06-05 05:22:55.630437
Seasonal Naive,14.62,15.74,15.05,S005,P005,weekly,8,2026-06-05 05:22:55.630437
Trend,18.92,23.25,21.09,S005,P005,weekly,8,2026-06-05 05:22:55.630437
Linear Regression,9.94,11.13,9.92,S005,P005,weekly,8,2026-06-05 05:22:55.630437
Random Forest,7.87,8.57,7.73,S005,P005,weekly,8,2026-06-05 05:22:55.630437
Enhanced Ensemble,10.52,11.86,11.3,S005,P005,weekly,8,2026-06-05 05:22:55.630437
Naive,54.25,62.25,19.41,S005,P006,weekly,8,2026-06-05 05:22:55.630437
Moving Average,55.12,67.35,20.34,S005,P006,weekly,8,2026-06-05 05:22:55.630437
Seasonal Naive,14.25,20.96,4.27,S005,P006,weekly,8,2026-06-05 05:22:55.630437
Trend,73.96,88.49,27.68,S005,P006,weekly,8,2026-06-05 05:22:55.630437
Linear Regression,46.55,50.2,15.81,S005,P006,weekly,8,2026-06-05 05:22:55.630437
Random Forest,16.69,25.33,4.94,S005,P006,weekly,8,2026-06-05 05:22:55.630437
Enhanced Ensemble,38.56,46.04,13.83,S005,P006,weekly,8,2026-06-05 05:22:55.630437
Naive,94.88,110.47,34.58,S005,P007,weekly,8,2026-06-05 05:22:55.630437
Moving Average,61.5,71.45,22.14,S005,P007,weekly,8,2026-06-05 05:22:55.630437
Seasonal Naive,19.5,25.09,5.94,S005,P007,weekly,8,2026-06-05 05:22:55.630437
Trend,73.25,87.49,26.87,S005,P007,weekly,8,2026-06-05 05:22:55.630437
Linear Regression,44.58,50.06,14.78,S005,P007,weekly,8,2026-06-05 05:22:55.630437
Random Forest,15.11,19.08,4.64,S005,P007,weekly,8,2026-06-05 05:22:55.630437
Enhanced Ensemble,44.47,50.18,15.86,S005,P007,weekly,8,2026-06-05 05:22:55.630437
Naive,106.5,126.46,29.84,S005,P008,weekly,8,2026-06-05 05:22:55.630437
Moving Average,66.25,82.12,18.75,S005,P008,weekly,8,2026-06-05 05:22:55.630437
Seasonal Naive,32.75,42.64,8.37,S005,P008,weekly,8,2026-06-05 05:22:55.630437
Trend,89.08,113.01,25.49,S005,P008,weekly,8,2026-06-05 05:22:55.630437
Linear Regression,57.65,61.95,15.39,S005,P008,weekly,8,2026-06-05 05:22:55.630437
Random Forest,17.74,22.62,4.63,S005,P008,weekly,8,2026-06-05 05:22:55.630437
Enhanced Ensemble,45.99,62.27,13.4,S005,P008,weekly,8,2026-06-05 05:22:55.630437
Naive,47.62,51.64,19.46,S005,P009,weekly,8,2026-06-05 05:22:55.630437
Moving Average,53.25,65.52,22.89,S005,P009,weekly,8,2026-06-05 05:22:55.630437
Seasonal Naive,18.88,23.9,6.8,S005,P009,weekly,8,2026-06-05 05:22:55.630437
Trend,62.01,75.95,26.65,S005,P009,weekly,8,2026-06-05 05:22:55.630437
Linear Regression,39.85,41.9,15.82,S005,P009,weekly,8,2026-06-05 05:22:55.630437
Random Forest,18.79,20.67,7.05,S005,P009,weekly,8,2026-06-05 05:22:55.630437
Enhanced Ensemble,37.19,41.48,15.35,S005,P009,weekly,8,2026-06-05 05:22:55.630437
Naive,126.12,142.29,36.41,S005,P010,weekly,8,2026-06-05 05:22:55.630437
Moving Average,73.62,90.2,21.78,S005,P010,weekly,8,2026-06-05 05:22:55.630437
Seasonal Naive,26.0,33.11,6.36,S005,P010,weekly,8,2026-06-05 05:22:55.630437
Trend,88.37,107.03,26.14,S005,P010,weekly,8,2026-06-05 05:22:55.630437
Linear Regression,51.72,56.36,14.13,S005,P010,weekly,8,2026-06-05 05:22:55.630437
Random Forest,19.19,23.2,5.1,S005,P010,weekly,8,2026-06-05 05:22:55.630437
Enhanced Ensemble,50.79,62.03,15.0,S005,P010,weekly,8,2026-06-05 05:22:55.630437
Naive,33.12,36.78,32.74,S006,P001,weekly,8,2026-06-05 05:22:55.630437
Moving Average,24.38,27.89,23.63,S006,P001,weekly,8,2026-06-05 05:22:55.630437
Seasonal Naive,13.75,17.04,12.56,S006,P001,weekly,8,2026-06-05 05:22:55.630437
Trend,31.53,35.27,31.15,S006,P001,weekly,8,2026-06-05 05:22:55.630437
Linear Regression,21.6,23.58,19.91,S006,P001,weekly,8,2026-06-05 05:22:55.630437
Random Forest,9.98,14.11,8.62,S006,P001,weekly,8,2026-06-05 05:22:55.630437
Enhanced Ensemble,20.77,23.51,20.04,S006,P001,weekly,8,2026-06-05 05:22:55.630437
Naive,59.12,74.53,22.0,S006,P002,weekly,8,2026-06-05 05:22:55.630437
Moving Average,59.12,68.54,21.29,S006,P002,weekly,8,2026-06-05 05:22:55.630437
Seasonal Naive,31.62,36.12,9.92,S006,P002,weekly,8,2026-06-05 05:22:55.630437
Trend,64.09,84.43,24.3,S006,P002,weekly,8,2026-06-05 05:22:55.630437
Linear Regression,54.04,56.72,18.15,S006,P002,weekly,8,2026-06-05 05:22:55.630437
Random Forest,28.16,32.31,8.49,S006,P002,weekly,8,2026-06-05 05:22:55.630437
Enhanced Ensemble,46.44,51.81,16.38,S006,P002,weekly,8,2026-06-05 05:22:55.630437
Naive,53.12,63.74,30.72,S006,P003,weekly,8,2026-06-05 05:22:55.630437
Moving Average,35.5,38.53,19.54,S006,P003,weekly,8,2026-06-05 05:22:55.630437
Seasonal Naive,18.88,20.26,10.1,S006,P003,weekly,8,2026-06-05 05:22:55.630437
Trend,40.44,48.73,23.43,S006,P003,weekly,8,2026-06-05 05:22:55.630437
Linear Regression,27.82,31.52,14.28,S006,P003,weekly,8,2026-06-05 05:22:55.630437
Random Forest,15.01,16.58,8.29,S006,P003,weekly,8,2026-06-05 05:22:55.630437
Enhanced Ensemble,26.0,30.35,14.73,S006,P003,weekly,8,2026-06-05 05:22:55.630437
Naive,28.25,33.7,27.84,S006,P004,weekly,8,2026-06-05 05:22:55.630437
Moving Average,19.69,25.53,17.61,S006,P004,weekly,8,2026-06-05 05:22:55.630437
Seasonal Naive,13.75,15.51,11.56,S006,P004,weekly,8,2026-06-05 05:22:55.630437
Trend,27.15,32.35,26.61,S006,P004,weekly,8,2026-06-05 05:22:55.630437
Linear Regression,16.86,22.75,14.61,S006,P004,weekly,8,2026-06-05 05:22:55.630437
Random Forest,14.12,17.11,11.58,S006,P004,weekly,8,2026-06-05 05:22:55.630437
Enhanced Ensemble,15.49,20.04,14.36,S006,P004,weekly,8,2026-06-05 05:22:55.630437
Naive,21.62,25.92,25.37,S006,P005,weekly,8,2026-06-05 05:22:55.630437
Moving Average,19.75,23.17,22.97,S006,P005,weekly,8,2026-06-05 05:22:55.630437
Seasonal Naive,14.12,18.54,14.77,S006,P005,weekly,8,2026-06-05 05:22:55.630437
Trend,21.61,25.8,25.32,S006,P005,weekly,8,2026-06-05 05:22:55.630437
Linear Regression,11.34,14.11,11.95,S006,P005,weekly,8,2026-06-05 05:22:55.630437
Random Forest,12.61,14.7,12.71,S006,P005,weekly,8,2026-06-05 05:22:55.630437
Enhanced Ensemble,10.57,12.84,12.12,S006,P005,weekly,8,2026-06-05 05:22:55.630437
Naive,59.88,71.22,22.02,S006,P006,weekly,8,2026-06-05 05:22:55.630437
Moving Average,62.5,74.75,23.08,S006,P006,weekly,8,2026-06-05 05:22:55.630437
Seasonal Naive,18.5,21.63,5.84,S006,P006,weekly,8,2026-06-05 05:22:55.630437
Trend,69.72,85.23,25.99,S006,P006,weekly,8,2026-06-05 05:22:55.630437
Linear Regression,45.5,49.77,15.59,S006,P006,weekly,8,2026-06-05 05:22:55.630437
Random Forest,13.04,17.18,3.84,S006,P006,weekly,8,2026-06-05 05:22:55.630437
Enhanced Ensemble,39.78,45.52,14.32,S006,P006,weekly,8,2026-06-05 05:22:55.630437
Naive,52.88,56.27,18.42,S006,P007,weekly,8,2026-06-05 05:22:55.630437
Moving Average,58.0,64.91,20.92,S006,P007,weekly,8,2026-06-05 05:22:55.630437
Seasonal Naive,16.5,21.72,5.91,S006,P007,weekly,8,2026-06-05 05:22:55.630437
Trend,76.07,90.2,28.26,S006,P007,weekly,8,2026-06-05 05:22:55.630437
Linear Regression,46.27,48.94,15.88,S006,P007,weekly,8,2026-06-05 05:22:55.630437
Random Forest,20.81,26.59,6.47,S006,P007,weekly,8,2026-06-05 05:22:55.630437
Enhanced Ensemble,41.02,45.47,14.59,S006,P007,weekly,8,2026-06-05 05:22:55.630437
Naive,80.0,84.39,21.17,S006,P008,weekly,8,2026-06-05 05:22:55.630437
Moving Average,83.19,91.55,22.47,S006,P008,weekly,8,2026-06-05 05:22:55.630437
Seasonal Naive,33.25,40.62,8.34,S006,P008,weekly,8,2026-06-05 05:22:55.630437
Trend,90.5,109.07,25.26,S006,P008,weekly,8,2026-06-05 05:22:55.630437
Linear Regression,63.61,65.36,15.64,S006,P008,weekly,8,2026-06-05 05:22:55.630437
Random Forest,35.19,38.8,8.36,S006,P008,weekly,8,2026-06-05 05:22:55.630437
Enhanced Ensemble,52.38,54.08,13.53,S006,P008,weekly,8,2026-06-05 05:22:55.630437
Naive,41.25,51.94,16.83,S006,P009,weekly,8,2026-06-05 05:22:55.630437
Moving Average,36.75,41.7,14.36,S006,P009,weekly,8,2026-06-05 05:22:55.630437
Seasonal Naive,20.75,22.92,7.79,S006,P009,weekly,8,2026-06-05 05:22:55.630437
Trend,56.74,69.12,22.98,S006,P009,weekly,8,2026-06-05 05:22:55.630437
Linear Regression,30.81,33.08,11.74,S006,P009,weekly,8,2026-06-05 05:22:55.630437
Random Forest,15.29,17.83,5.25,S006,P009,weekly,8,2026-06-05 05:22:55.630437
Enhanced Ensemble,26.2,31.93,10.51,S006,P009,weekly,8,2026-06-05 05:22:55.630437
Naive,67.25,87.08,19.82,S006,P010,weekly,8,2026-06-05 05:22:55.630437
Moving Average,60.88,74.42,17.62,S006,P010,weekly,8,2026-06-05 05:22:55.630437
Seasonal Naive,28.0,38.16,7.04,S006,P010,weekly,8,2026-06-05 05:22:55.630437
Trend,80.01,99.89,23.35,S006,P010,weekly,8,2026-06-05 05:22:55.630437
Linear Regression,48.25,50.71,13.03,S006,P010,weekly,8,2026-06-05 05:22:55.630437
Random Forest,23.07,28.86,5.7,S006,P010,weekly,8,2026-06-05 05:22:55.630437
Enhanced Ensemble,39.97,49.5,11.49,S006,P010,weekly,8,2026-06-05 05:22:55.630437
Naive,14.62,17.67,15.31,S007,P001,weekly,8,2026-06-05 05:22:55.630437
Moving Average,16.88,20.45,18.24,S007,P001,weekly,8,2026-06-05 05:22:55.630437
Seasonal Naive,16.62,18.27,16.05,S007,P001,weekly,8,2026-06-05 05:22:55.630437
Trend,22.44,28.06,24.73,S007,P001,weekly,8,2026-06-05 05:22:55.630437
Linear Regression,12.66,15.7,13.18,S007,P001,weekly,8,2026-06-05 05:22:55.630437
Random Forest,11.23,12.58,10.72,S007,P001,weekly,8,2026-06-05 05:22:55.630437
Enhanced Ensemble,11.67,15.45,12.55,S007,P001,weekly,8,2026-06-05 05:22:55.630437
Naive,75.25,87.38,30.46,S007,P002,weekly,8,2026-06-05 05:22:55.630437
Moving Average,47.94,58.45,19.66,S007,P002,weekly,8,2026-06-05 05:22:55.630437
Seasonal Naive,13.12,17.5,4.61,S007,P002,weekly,8,2026-06-05 05:22:55.630437
Trend,64.99,78.99,26.7,S007,P002,weekly,8,2026-06-05 05:22:55.630437
Linear Regression,37.39,41.65,14.57,S007,P002,weekly,8,2026-06-05 05:22:55.630437
Random Forest,16.02,18.58,6.18,S007,P002,weekly,8,2026-06-05 05:22:55.630437
Enhanced Ensemble,35.9,44.25,14.76,S007,P002,weekly,8,2026-06-05 05:22:55.630437
Naive,43.62,50.18,26.97,S007,P003,weekly,8,2026-06-05 05:22:55.630437
Moving Average,41.25,46.88,25.31,S007,P003,weekly,8,2026-06-05 05:22:55.630437
Seasonal Naive,24.0,28.64,12.28,S007,P003,weekly,8,2026-06-05 05:22:55.630437
Trend,42.87,48.89,26.38,S007,P003,weekly,8,2026-06-05 05:22:55.630437
Linear Regression,26.92,32.85,15.32,S007,P003,weekly,8,2026-06-05 05:22:55.630437
Random Forest,16.09,19.28,8.34,S007,P003,weekly,8,2026-06-05 05:22:55.630437
Enhanced Ensemble,27.53,30.36,16.16,S007,P003,weekly,8,2026-06-05 05:22:55.630437
Naive,21.75,23.38,22.13,S007,P004,weekly,8,2026-06-05 05:22:55.630437
Moving Average,23.38,26.98,26.16,S007,P004,weekly,8,2026-06-05 05:22:55.630437
Seasonal Naive,9.75,10.77,9.31,S007,P004,weekly,8,2026-06-05 05:22:55.630437
Trend,25.95,32.74,30.36,S007,P004,weekly,8,2026-06-05 05:22:55.630437
Linear Regression,19.98,21.95,20.86,S007,P004,weekly,8,2026-06-05 05:22:55.630437
Random Forest,8.38,9.87,8.16,S007,P004,weekly,8,2026-06-05 05:22:55.630437
Enhanced Ensemble,15.5,17.8,16.87,S007,P004,weekly,8,2026-06-05 05:22:55.630437
Naive,15.75,17.77,17.79,S007,P005,weekly,8,2026-06-05 05:22:55.630437
Moving Average,15.75,17.51,18.69,S007,P005,weekly,8,2026-06-05 05:22:55.630437
Seasonal Naive,12.25,13.81,13.24,S007,P005,weekly,8,2026-06-05 05:22:55.630437
Trend,18.28,23.88,24.18,S007,P005,weekly,8,2026-06-05 05:22:55.630437
Linear Regression,12.94,15.12,14.84,S007,P005,weekly,8,2026-06-05 05:22:55.630437
Random Forest,11.87,13.08,12.54,S007,P005,weekly,8,2026-06-05 05:22:55.630437
Enhanced Ensemble,11.67,13.9,13.59,S007,P005,weekly,8,2026-06-05 05:22:55.630437
Naive,50.62,65.79,20.79,S007,P006,weekly,8,2026-06-05 05:22:55.630437
Moving Average,48.38,56.58,19.12,S007,P006,weekly,8,2026-06-05 05:22:55.630437
Seasonal Naive,26.0,34.58,8.28,S007,P006,weekly,8,2026-06-05 05:22:55.630437
Trend,62.16,78.1,25.36,S007,P006,weekly,8,2026-06-05 05:22:55.630437
Linear Regression,42.42,44.12,15.75,S007,P006,weekly,8,2026-06-05 05:22:55.630437
Random Forest,14.26,19.99,4.51,S007,P006,weekly,8,2026-06-05 05:22:55.630437
Enhanced Ensemble,35.84,41.42,14.04,S007,P006,weekly,8,2026-06-05 05:22:55.630437
Naive,68.5,84.07,27.42,S007,P007,weekly,8,2026-06-05 05:22:55.630437
Moving Average,51.25,63.37,20.5,S007,P007,weekly,8,2026-06-05 05:22:55.630437
Seasonal Naive,25.12,27.4,8.91,S007,P007,weekly,8,2026-06-05 05:22:55.630437
Trend,59.19,74.19,23.86,S007,P007,weekly,8,2026-06-05 05:22:55.630437
Linear Regression,36.37,42.88,13.54,S007,P007,weekly,8,2026-06-05 05:22:55.630437
Random Forest,17.45,19.98,6.37,S007,P007,weekly,8,2026-06-05 05:22:55.630437
Enhanced Ensemble,34.46,43.13,13.75,S007,P007,weekly,8,2026-06-05 05:22:55.630437
Naive,71.5,81.58,21.41,S007,P008,weekly,8,2026-06-05 05:22:55.630437
Moving Average,66.88,75.99,19.85,S007,P008,weekly,8,2026-06-05 05:22:55.630437
Seasonal Naive,25.5,28.24,6.83,S007,P008,weekly,8,2026-06-05 05:22:55.630437
Trend,86.34,102.87,26.38,S007,P008,weekly,8,2026-06-05 05:22:55.630437
Linear Regression,50.42,56.86,14.27,S007,P008,weekly,8,2026-06-05 05:22:55.630437
Random Forest,21.95,27.67,5.56,S007,P008,weekly,8,2026-06-05 05:22:55.630437
Enhanced Ensemble,48.97,53.69,14.3,S007,P008,weekly,8,2026-06-05 05:22:55.630437
Naive,68.62,81.15,32.07,S007,P009,weekly,8,2026-06-05 05:22:55.630437
Moving Average,55.69,63.38,25.19,S007,P009,weekly,8,2026-06-05 05:22:55.630437
Seasonal Naive,11.5,15.65,4.23,S007,P009,weekly,8,2026-06-05 05:22:55.630437
Trend,65.1,75.93,30.19,S007,P009,weekly,8,2026-06-05 05:22:55.630437
Linear Regression,45.02,49.38,19.02,S007,P009,weekly,8,2026-06-05 05:22:55.630437
Random Forest,14.67,20.67,5.28,S007,P009,weekly,8,2026-06-05 05:22:55.630437
Enhanced Ensemble,40.99,45.65,18.32,S007,P009,weekly,8,2026-06-05 05:22:55.630437
Naive,106.5,123.31,34.78,S007,P010,weekly,8,2026-06-05 05:22:55.630437
Moving Average,69.25,82.66,22.73,S007,P010,weekly,8,2026-06-05 05:22:55.630437
Seasonal Naive,20.38,24.87,5.55,S007,P010,weekly,8,2026-06-05 05:22:55.630437
Trend,87.56,105.66,29.0,S007,P010,weekly,8,2026-06-05 05:22:55.630437
Linear Regression,52.75,57.13,16.12,S007,P010,weekly,8,2026-06-05 05:22:55.630437
Random Forest,16.19,18.09,4.65,S007,P010,weekly,8,2026-06-05 05:22:55.630437
Enhanced Ensemble,52.01,60.99,16.97,S007,P010,weekly,8,2026-06-05 05:22:55.630437
Naive,40.12,47.77,24.17,S008,P001,weekly,8,2026-06-05 05:22:55.630437
Moving Average,39.0,44.97,23.18,S008,P001,weekly,8,2026-06-05 05:22:55.630437
Seasonal Naive,17.88,25.12,8.56,S008,P001,weekly,8,2026-06-05 05:22:55.630437
Trend,42.89,52.04,26.06,S008,P001,weekly,8,2026-06-05 05:22:55.630437
Linear Regression,29.98,32.36,16.03,S008,P001,weekly,8,2026-06-05 05:22:55.630437
Random Forest,13.43,15.23,6.72,S008,P001,weekly,8,2026-06-05 05:22:55.630437
Enhanced Ensemble,27.07,29.62,15.44,S008,P001,weekly,8,2026-06-05 05:22:55.630437
Naive,83.0,102.55,18.34,S008,P002,weekly,8,2026-06-05 05:22:55.630437
Moving Average,72.06,88.72,15.62,S008,P002,weekly,8,2026-06-05 05:22:55.630437
Seasonal Naive,34.12,44.48,6.64,S008,P002,weekly,8,2026-06-05 05:22:55.630437
Trend,108.96,127.63,23.99,S008,P002,weekly,8,2026-06-05 05:22:55.630437
Linear Regression,60.03,70.43,12.34,S008,P002,weekly,8,2026-06-05 05:22:55.630437
Random Forest,30.48,46.19,5.66,S008,P002,weekly,8,2026-06-05 05:22:55.630437
Enhanced Ensemble,50.16,64.03,10.83,S008,P002,weekly,8,2026-06-05 05:22:55.630437
Naive,57.0,68.31,20.6,S008,P003,weekly,8,2026-06-05 05:22:55.630437
Moving Average,57.0,69.06,20.68,S008,P003,weekly,8,2026-06-05 05:22:55.630437
Seasonal Naive,27.62,30.59,8.45,S008,P003,weekly,8,2026-06-05 05:22:55.630437
Trend,66.6,85.31,24.85,S008,P003,weekly,8,2026-06-05 05:22:55.630437
Linear Regression,49.35,51.94,16.3,S008,P003,weekly,8,2026-06-05 05:22:55.630437
Random Forest,25.93,29.39,7.85,S008,P003,weekly,8,2026-06-05 05:22:55.630437
Enhanced Ensemble,42.22,47.13,14.74,S008,P003,weekly,8,2026-06-05 05:22:55.630437
Naive,42.88,50.3,28.67,S008,P004,weekly,8,2026-06-05 05:22:55.630437
Moving Average,45.12,56.59,30.98,S008,P004,weekly,8,2026-06-05 05:22:55.630437
Seasonal Naive,11.38,15.24,7.62,S008,P004,weekly,8,2026-06-05 05:22:55.630437
Trend,50.3,62.77,34.49,S008,P004,weekly,8,2026-06-05 05:22:55.630437
Linear Regression,35.48,38.05,22.54,S008,P004,weekly,8,2026-06-05 05:22:55.630437
Random Forest,13.59,14.54,8.49,S008,P004,weekly,8,2026-06-05 05:22:55.630437
Enhanced Ensemble,32.66,38.67,21.92,S008,P004,weekly,8,2026-06-05 05:22:55.630437
Naive,36.5,42.57,24.86,S008,P005,weekly,8,2026-06-05 05:22:55.630437
Moving Average,33.19,35.2,21.51,S008,P005,weekly,8,2026-06-05 05:22:55.630437
Seasonal Naive,18.62,23.62,11.08,S008,P005,weekly,8,2026-06-05 05:22:55.630437
Trend,35.36,38.97,23.5,S008,P005,weekly,8,2026-06-05 05:22:55.630437
Linear Regression,26.36,29.47,15.36,S008,P005,weekly,8,2026-06-05 05:22:55.630437
Random Forest,15.42,17.98,8.71,S008,P005,weekly,8,2026-06-05 05:22:55.630437
Enhanced Ensemble,23.37,24.69,14.66,S008,P005,weekly,8,2026-06-05 05:22:55.630437
Naive,93.0,105.59,20.24,S008,P006,weekly,8,2026-06-05 05:22:55.630437
Moving Average,85.5,92.08,17.86,S008,P006,weekly,8,2026-06-05 05:22:55.630437
Seasonal Naive,40.5,43.02,8.12,S008,P006,weekly,8,2026-06-05 05:22:55.630437
Trend,104.31,128.62,23.44,S008,P006,weekly,8,2026-06-05 05:22:55.630437
Linear Regression,69.74,75.67,13.69,S008,P006,weekly,8,2026-06-05 05:22:55.630437
Random Forest,39.27,43.79,7.45,S008,P006,weekly,8,2026-06-05 05:22:55.630437
Enhanced Ensemble,56.63,61.19,11.73,S008,P006,weekly,8,2026-06-05 05:22:55.630437
Naive,134.5,160.04,29.71,S008,P007,weekly,8,2026-06-05 05:22:55.630437
Moving Average,93.25,105.18,20.17,S008,P007,weekly,8,2026-06-05 05:22:55.630437
Seasonal Naive,27.88,35.69,5.03,S008,P007,weekly,8,2026-06-05 05:22:55.630437
Trend,101.59,124.06,22.63,S008,P007,weekly,8,2026-06-05 05:22:55.630437
Linear Regression,70.41,76.65,13.78,S008,P007,weekly,8,2026-06-05 05:22:55.630437
Random Forest,21.27,27.25,4.33,S008,P007,weekly,8,2026-06-05 05:22:55.630437
Enhanced Ensemble,64.72,71.32,13.9,S008,P007,weekly,8,2026-06-05 05:22:55.630437
Naive,178.25,213.79,30.85,S008,P008,weekly,8,2026-06-05 05:22:55.630437
Moving Average,136.06,163.75,23.57,S008,P008,weekly,8,2026-06-05 05:22:55.630437
Seasonal Naive,43.62,51.49,6.28,S008,P008,weekly,8,2026-06-05 05:22:55.630437
Trend,144.94,183.26,25.51,S008,P008,weekly,8,2026-06-05 05:22:55.630437
Linear Regression,99.0,105.08,15.47,S008,P008,weekly,8,2026-06-05 05:22:55.630437
Random Forest,31.07,41.15,4.83,S008,P008,weekly,8,2026-06-05 05:22:55.630437
Enhanced Ensemble,93.56,108.1,15.94,S008,P008,weekly,8,2026-06-05 05:22:55.630437
Naive,84.12,93.49,20.57,S008,P009,weekly,8,2026-06-05 05:22:55.630437
Moving Average,79.69,85.72,18.96,S008,P009,weekly,8,2026-06-05 05:22:55.630437
Seasonal Naive,31.0,34.73,7.09,S008,P009,weekly,8,2026-06-05 05:22:55.630437
Trend,94.74,116.9,24.16,S008,P009,weekly,8,2026-06-05 05:22:55.630437
Linear Regression,65.71,70.98,14.83,S008,P009,weekly,8,2026-06-05 05:22:55.630437
Random Forest,29.19,37.43,5.86,S008,P009,weekly,8,2026-06-05 05:22:55.630437
Enhanced Ensemble,56.25,60.01,13.26,S008,P009,weekly,8,2026-06-05 05:22:55.630437
Naive,116.5,141.32,21.23,S008,P010,weekly,8,2026-06-05 05:22:55.630437
Moving Average,124.0,151.68,22.72,S008,P010,weekly,8,2026-06-05 05:22:55.630437
Seasonal Naive,20.88,29.47,3.28,S008,P010,weekly,8,2026-06-05 05:22:55.630437
Trend,144.49,174.32,26.43,S008,P010,weekly,8,2026-06-05 05:22:55.630437
Linear Regression,88.16,96.38,15.12,S008,P010,weekly,8,2026-06-05 05:22:55.630437
Random Forest,19.9,29.22,2.94,S008,P010,weekly,8,2026-06-05 05:22:55.630437
Enhanced Ensemble,78.02,94.7,14.14,S008,P010,weekly,8,2026-06-05 05:22:55.630437
Naive,24.0,28.76,17.3,S009,P001,weekly,8,2026-06-05 05:22:55.630437
Moving Average,25.5,32.39,18.78,S009,P001,weekly,8,2026-06-05 05:22:55.630437
Seasonal Naive,14.0,16.16,8.94,S009,P001,weekly,8,2026-06-05 05:22:55.630437
Trend,42.88,49.5,30.8,S009,P001,weekly,8,2026-06-05 05:22:55.630437
Linear Regression,18.73,21.53,13.17,S009,P001,weekly,8,2026-06-05 05:22:55.630437
Random Forest,6.72,9.3,4.31,S009,P001,weekly,8,2026-06-05 05:22:55.630437
Enhanced Ensemble,17.76,21.54,12.84,S009,P001,weekly,8,2026-06-05 05:22:55.630437
Naive,89.75,110.13,23.57,S009,P002,weekly,8,2026-06-05 05:22:55.630437
Moving Average,78.38,93.01,20.32,S009,P002,weekly,8,2026-06-05 05:22:55.630437
Seasonal Naive,29.0,32.95,6.8,S009,P002,weekly,8,2026-06-05 05:22:55.630437
Trend,89.61,110.4,23.55,S009,P002,weekly,8,2026-06-05 05:22:55.630437
Linear Regression,57.48,61.39,13.67,S009,P002,weekly,8,2026-06-05 05:22:55.630437
Random Forest,20.05,24.86,4.63,S009,P002,weekly,8,2026-06-05 05:22:55.630437
Enhanced Ensemble,49.98,58.95,12.85,S009,P002,weekly,8,2026-06-05 05:22:55.630437
Naive,54.12,64.65,22.37,S009,P003,weekly,8,2026-06-05 05:22:55.630437
Moving Average,49.38,56.5,20.05,S009,P003,weekly,8,2026-06-05 05:22:55.630437
Seasonal Naive,23.0,33.66,8.05,S009,P003,weekly,8,2026-06-05 05:22:55.630437
Trend,56.32,67.57,23.32,S009,P003,weekly,8,2026-06-05 05:22:55.630437
Linear Regression,36.77,39.39,13.6,S009,P003,weekly,8,2026-06-05 05:22:55.630437
Random Forest,14.97,19.47,5.09,S009,P003,weekly,8,2026-06-05 05:22:55.630437
Enhanced Ensemble,34.22,37.81,13.46,S009,P003,weekly,8,2026-06-05 05:22:55.630437
Naive,29.25,32.23,17.61,S009,P004,weekly,8,2026-06-05 05:22:55.630437
Moving Average,29.25,32.46,17.92,S009,P004,weekly,8,2026-06-05 05:22:55.630437
Seasonal Naive,23.12,28.24,12.84,S009,P004,weekly,8,2026-06-05 05:22:55.630437
Trend,33.4,39.85,22.19,S009,P004,weekly,8,2026-06-05 05:22:55.630437
Linear Regression,25.7,30.16,14.52,S009,P004,weekly,8,2026-06-05 05:22:55.630437
Random Forest,19.93,25.62,10.7,S009,P004,weekly,8,2026-06-05 05:22:55.630437
Enhanced Ensemble,23.19,26.98,13.58,S009,P004,weekly,8,2026-06-05 05:22:55.630437
Naive,24.0,26.37,19.04,S009,P005,weekly,8,2026-06-05 05:22:55.630437
Moving Average,21.62,23.31,16.25,S009,P005,weekly,8,2026-06-05 05:22:55.630437
Seasonal Naive,13.25,16.82,9.98,S009,P005,weekly,8,2026-06-05 05:22:55.630437
Trend,28.76,33.69,23.65,S009,P005,weekly,8,2026-06-05 05:22:55.630437
Linear Regression,19.55,21.52,14.36,S009,P005,weekly,8,2026-06-05 05:22:55.630437
Random Forest,14.43,16.41,10.11,S009,P005,weekly,8,2026-06-05 05:22:55.630437
Enhanced Ensemble,14.96,16.69,11.31,S009,P005,weekly,8,2026-06-05 05:22:55.630437
Naive,83.75,100.15,21.98,S009,P006,weekly,8,2026-06-05 05:22:55.630437
Moving Average,73.06,89.14,19.17,S009,P006,weekly,8,2026-06-05 05:22:55.630437
Seasonal Naive,24.88,34.61,5.53,S009,P006,weekly,8,2026-06-05 05:22:55.630437
Trend,97.57,114.81,25.56,S009,P006,weekly,8,2026-06-05 05:22:55.630437
Linear Regression,53.61,59.7,13.15,S009,P006,weekly,8,2026-06-05 05:22:55.630437
Random Forest,21.14,30.78,4.61,S009,P006,weekly,8,2026-06-05 05:22:55.630437
Enhanced Ensemble,48.33,58.23,12.46,S009,P006,weekly,8,2026-06-05 05:22:55.630437
Naive,67.25,79.75,17.25,S009,P007,weekly,8,2026-06-05 05:22:55.630437
Moving Average,66.5,77.92,16.99,S009,P007,weekly,8,2026-06-05 05:22:55.630437
Seasonal Naive,32.38,39.08,7.5,S009,P007,weekly,8,2026-06-05 05:22:55.630437
Trend,89.26,108.61,23.15,S009,P007,weekly,8,2026-06-05 05:22:55.630437
Linear Regression,50.58,55.31,12.15,S009,P007,weekly,8,2026-06-05 05:22:55.630437
Random Forest,25.19,28.69,5.73,S009,P007,weekly,8,2026-06-05 05:22:55.630437
Enhanced Ensemble,39.37,47.48,10.03,S009,P007,weekly,8,2026-06-05 05:22:55.630437
Naive,146.12,172.29,28.86,S009,P008,weekly,8,2026-06-05 05:22:55.630437
Moving Average,96.44,118.37,19.23,S009,P008,weekly,8,2026-06-05 05:22:55.630437
Seasonal Naive,52.62,62.56,9.37,S009,P008,weekly,8,2026-06-05 05:22:55.630437
Trend,118.52,149.2,23.89,S009,P008,weekly,8,2026-06-05 05:22:55.630437
Linear Regression,73.24,78.31,13.45,S009,P008,weekly,8,2026-06-05 05:22:55.630437
Random Forest,28.97,33.54,5.28,S009,P008,weekly,8,2026-06-05 05:22:55.630437
Enhanced Ensemble,59.77,74.25,11.9,S009,P008,weekly,8,2026-06-05 05:22:55.630437
Naive,120.75,134.24,35.51,S009,P009,weekly,8,2026-06-05 05:22:55.630437
Moving Average,65.62,78.39,19.69,S009,P009,weekly,8,2026-06-05 05:22:55.630437
Seasonal Naive,29.0,34.3,8.17,S009,P009,weekly,8,2026-06-05 05:22:55.630437
Trend,81.77,100.77,24.85,S009,P009,weekly,8,2026-06-05 05:22:55.630437
Linear Regression,47.88,50.72,13.33,S009,P009,weekly,8,2026-06-05 05:22:55.630437
Random Forest,19.16,25.08,5.31,S009,P009,weekly,8,2026-06-05 05:22:55.630437
Enhanced Ensemble,46.2,54.87,13.87,S009,P009,weekly,8,2026-06-05 05:22:55.630437
Naive,111.0,140.03,23.5,S009,P010,weekly,8,2026-06-05 05:22:55.630437
Moving Average,104.19,121.9,21.58,S009,P010,weekly,8,2026-06-05 05:22:55.630437
Seasonal Naive,23.0,28.45,4.52,S009,P010,weekly,8,2026-06-05 05:22:55.630437
Trend,115.16,145.17,24.37,S009,P010,weekly,8,2026-06-05 05:22:55.630437
Linear Regression,76.45,77.19,14.53,S009,P010,weekly,8,2026-06-05 05:22:55.630437
Random Forest,22.16,25.56,3.93,S009,P010,weekly,8,2026-06-05 05:22:55.630437
Enhanced Ensemble,67.02,74.95,13.67,S009,P010,weekly,8,2026-06-05 05:22:55.630437
Naive,31.0,38.88,21.64,S010,P001,weekly,8,2026-06-05 05:22:55.630437
Moving Average,31.5,39.55,22.01,S010,P001,weekly,8,2026-06-05 05:22:55.630437
Seasonal Naive,15.5,18.61,10.17,S010,P001,weekly,8,2026-06-05 05:22:55.630437
Trend,42.82,51.66,29.68,S010,P001,weekly,8,2026-06-05 05:22:55.630437
Linear Regression,24.28,28.57,16.34,S010,P001,weekly,8,2026-06-05 05:22:55.630437
Random Forest,7.8,10.33,4.98,S010,P001,weekly,8,2026-06-05 05:22:55.630437
Enhanced Ensemble,23.16,28.74,16.06,S010,P001,weekly,8,2026-06-05 05:22:55.630437
Naive,77.12,85.37,18.51,S010,P002,weekly,8,2026-06-05 05:22:55.630437
Moving Average,81.5,94.21,20.05,S010,P002,weekly,8,2026-06-05 05:22:55.630437
Seasonal Naive,28.75,33.76,6.28,S010,P002,weekly,8,2026-06-05 05:22:55.630437
Trend,97.41,124.94,24.85,S010,P002,weekly,8,2026-06-05 05:22:55.630437
Linear Regression,61.38,67.18,14.07,S010,P002,weekly,8,2026-06-05 05:22:55.630437
Random Forest,28.22,32.19,5.86,S010,P002,weekly,8,2026-06-05 05:22:55.630437
Enhanced Ensemble,54.2,61.7,13.09,S010,P002,weekly,8,2026-06-05 05:22:55.630437
Naive,79.5,93.99,32.4,S010,P003,weekly,8,2026-06-05 05:22:55.630437
Moving Average,61.56,72.3,24.81,S010,P003,weekly,8,2026-06-05 05:22:55.630437
Seasonal Naive,14.0,17.38,4.95,S010,P003,weekly,8,2026-06-05 05:22:55.630437
Trend,71.92,86.31,29.4,S010,P003,weekly,8,2026-06-05 05:22:55.630437
Linear Regression,47.9,50.84,17.82,S010,P003,weekly,8,2026-06-05 05:22:55.630437
Random Forest,14.53,20.32,4.9,S010,P003,weekly,8,2026-06-05 05:22:55.630437
Enhanced Ensemble,43.68,50.72,17.44,S010,P003,weekly,8,2026-06-05 05:22:55.630437
Naive,37.75,41.23,24.71,S010,P004,weekly,8,2026-06-05 05:22:55.630437
Moving Average,44.69,49.04,29.37,S010,P004,weekly,8,2026-06-05 05:22:55.630437
Seasonal Naive,17.0,20.93,9.88,S010,P004,weekly,8,2026-06-05 05:22:55.630437
Trend,45.39,49.95,29.86,S010,P004,weekly,8,2026-06-05 05:22:55.630437
Linear Regression,22.01,25.24,14.01,S010,P004,weekly,8,2026-06-05 05:22:55.630437
Random Forest,12.26,14.68,6.97,S010,P004,weekly,8,2026-06-05 05:22:55.630437
Enhanced Ensemble,26.6,27.64,17.0,S010,P004,weekly,8,2026-06-05 05:22:55.630437
Naive,33.0,37.9,25.15,S010,P005,weekly,8,2026-06-05 05:22:55.630437
Moving Average,23.0,27.35,17.54,S010,P005,weekly,8,2026-06-05 05:22:55.630437
Seasonal Naive,13.25,15.42,8.96,S010,P005,weekly,8,2026-06-05 05:22:55.630437
Trend,32.77,37.8,25.0,S010,P005,weekly,8,2026-06-05 05:22:55.630437
Linear Regression,18.28,20.43,13.42,S010,P005,weekly,8,2026-06-05 05:22:55.630437
Random Forest,8.18,9.46,5.69,S010,P005,weekly,8,2026-06-05 05:22:55.630437
Enhanced Ensemble,19.34,21.42,14.48,S010,P005,weekly,8,2026-06-05 05:22:55.630437
Naive,73.25,83.58,17.23,S010,P006,weekly,8,2026-06-05 05:22:55.630437
Moving Average,69.5,78.51,16.26,S010,P006,weekly,8,2026-06-05 05:22:55.630437
Seasonal Naive,36.5,46.99,8.02,S010,P006,weekly,8,2026-06-05 05:22:55.630437
Trend,96.07,111.53,22.79,S010,P006,weekly,8,2026-06-05 05:22:55.630437
Linear Regression,41.16,50.77,9.1,S010,P006,weekly,8,2026-06-05 05:22:55.630437
Random Forest,36.62,42.45,7.87,S010,P006,weekly,8,2026-06-05 05:22:55.630437
Enhanced Ensemble,41.58,48.83,9.68,S010,P006,weekly,8,2026-06-05 05:22:55.630437
Naive,84.0,105.3,21.33,S010,P007,weekly,8,2026-06-05 05:22:55.630437
Moving Average,74.38,90.38,18.69,S010,P007,weekly,8,2026-06-05 05:22:55.630437
Seasonal Naive,29.75,35.89,6.74,S010,P007,weekly,8,2026-06-05 05:22:55.630437
Trend,107.98,127.71,26.96,S010,P007,weekly,8,2026-06-05 05:22:55.630437
Linear Regression,54.03,58.48,12.83,S010,P007,weekly,8,2026-06-05 05:22:55.630437
Random Forest,20.34,25.13,4.52,S010,P007,weekly,8,2026-06-05 05:22:55.630437
Enhanced Ensemble,48.59,59.19,12.19,S010,P007,weekly,8,2026-06-05 05:22:55.630437
Naive,120.0,145.56,22.77,S010,P008,weekly,8,2026-06-05 05:22:55.630437
Moving Average,111.69,129.07,20.82,S010,P008,weekly,8,2026-06-05 05:22:55.630437
Seasonal Naive,29.88,39.49,4.71,S010,P008,weekly,8,2026-06-05 05:22:55.630437
Trend,132.34,163.31,25.27,S010,P008,weekly,8,2026-06-05 05:22:55.630437
Linear Regression,84.53,88.61,14.45,S010,P008,weekly,8,2026-06-05 05:22:55.630437
Random Forest,29.89,35.79,4.78,S010,P008,weekly,8,2026-06-05 05:22:55.630437
Enhanced Ensemble,74.17,82.8,13.58,S010,P008,weekly,8,2026-06-05 05:22:55.630437
Naive,106.5,121.8,30.52,S010,P009,weekly,8,2026-06-05 05:22:55.630437
Moving Average,73.69,92.96,21.75,S010,P009,weekly,8,2026-06-05 05:22:55.630437
Seasonal Naive,21.62,27.79,6.17,S010,P009,weekly,8,2026-06-05 05:22:55.630437
Trend,99.81,116.69,28.8,S010,P009,weekly,8,2026-06-05 05:22:55.630437
Linear Regression,47.43,55.99,13.6,S010,P009,weekly,8,2026-06-05 05:22:55.630437
Random Forest,10.77,12.11,2.9,S010,P009,weekly,8,2026-06-05 05:22:55.630437
Enhanced Ensemble,50.14,63.01,14.78,S010,P009,weekly,8,2026-06-05 05:22:55.630437
Naive,105.12,128.27,21.17,S010,P010,weekly,8,2026-06-05 05:22:55.630437
Moving Average,102.69,121.5,20.48,S010,P010,weekly,8,2026-06-05 05:22:55.630437
Seasonal Naive,29.88,34.15,5.5,S010,P010,weekly,8,2026-06-05 05:22:55.630437
Trend,132.56,161.19,26.68,S010,P010,weekly,8,2026-06-05 05:22:55.630437
Linear Regression,77.42,80.46,14.45,S010,P010,weekly,8,2026-06-05 05:22:55.630437
Random Forest,19.69,23.14,3.41,S010,P010,weekly,8,2026-06-05 05:22:55.630437
Enhanced Ensemble,65.09,75.92,12.89,S010,P010,weekly,8,2026-06-05 05:22:55.630437
