Store_id,Product_id,Forecast_Frequency,Forecast_Date,Naive_Forecast,Moving_Average_Forecast,Seasonal_Naive_Forecast,Trend_Forecast,Linear_Regression_Forecast,Random_Forest_Forecast,Enhanced_Ensemble_Forecast
S001,P001,weekly,2018-01-01,127.0,116.75,113.0,166.35,123.39,114.08,126.76
S001,P001,weekly,2018-01-08,127.0,116.75,112.0,166.55,125.03,114.08,126.9
S001,P001,weekly,2018-01-15,127.0,116.75,111.0,166.75,127.0,114.04,127.09
S001,P001,weekly,2018-01-22,127.0,116.75,104.0,166.95,129.28,114.47,126.41
S001,P001,weekly,2018-01-29,127.0,116.75,132.0,167.16,131.85,116.3,131.84
S001,P001,weekly,2018-02-05,127.0,116.75,117.0,167.36,131.73,116.92,129.46
S001,P001,weekly,2018-02-12,127.0,116.75,116.0,167.56,134.8,117.69,129.97
S001,P001,weekly,2018-02-19,127.0,116.75,116.0,167.77,138.07,117.69,130.55
S001,P002,weekly,2018-01-01,358.0,324.0,286.0,442.55,337.51,304.64,342.12
S001,P002,weekly,2018-01-08,358.0,324.0,258.0,443.09,339.28,304.76,337.85
S001,P002,weekly,2018-01-15,358.0,324.0,289.0,443.63,341.5,304.76,343.48
S001,P002,weekly,2018-01-22,358.0,324.0,264.0,444.17,344.16,303.05,339.56
S001,P002,weekly,2018-01-29,358.0,324.0,271.0,444.71,347.23,304.14,341.51
S001,P002,weekly,2018-02-05,358.0,324.0,284.0,445.25,362.24,311.6,347.52
S001,P002,weekly,2018-02-12,358.0,324.0,336.0,445.79,366.09,313.1,357.16
S001,P002,weekly,2018-02-19,358.0,324.0,289.0,446.33,370.28,313.1,350.12
S001,P003,weekly,2018-01-01,185.0,194.5,172.0,276.26,211.98,184.33,204.01
S001,P003,weekly,2018-01-08,185.0,194.5,175.0,276.6,212.58,184.33,204.67
S001,P003,weekly,2018-01-15,185.0,194.5,187.0,276.93,213.55,184.81,206.97
S001,P003,weekly,2018-01-22,185.0,194.5,163.0,277.27,214.88,184.73,203.23
S001,P003,weekly,2018-01-29,185.0,194.5,188.0,277.6,216.53,189.79,208.57
S001,P003,weekly,2018-02-05,185.0,194.5,191.0,277.94,226.07,190.85,210.89
S001,P003,weekly,2018-02-12,185.0,194.5,204.0,278.27,228.28,193.72,213.96
S001,P003,weekly,2018-02-19,185.0,194.5,193.0,278.61,230.71,195.54,212.89
S001,P004,weekly,2018-01-01,121.0,110.75,98.0,165.08,122.06,111.95,121.47
S001,P004,weekly,2018-01-08,121.0,110.75,105.0,165.28,123.69,112.4,123.02
S001,P004,weekly,2018-01-15,121.0,110.75,120.0,165.47,125.8,113.35,126.06
S001,P004,weekly,2018-01-22,121.0,110.75,117.0,165.66,128.37,114.44,126.2
S001,P004,weekly,2018-01-29,121.0,110.75,116.0,165.86,131.34,114.7,126.61
S001,P004,weekly,2018-02-05,121.0,110.75,117.0,166.05,131.83,116.13,127.13
S001,P004,weekly,2018-02-12,121.0,110.75,123.0,166.25,135.51,116.21,128.79
S001,P004,weekly,2018-02-19,121.0,110.75,101.0,166.44,139.45,116.12,125.79
S001,P005,weekly,2018-01-01,99.0,96.5,102.0,139.08,104.39,97.25,106.37
S001,P005,weekly,2018-01-08,99.0,96.5,92.0,139.26,106.76,96.78,105.05
S001,P005,weekly,2018-01-15,99.0,96.5,91.0,139.43,109.31,96.78,105.34
S001,P005,weekly,2018-01-22,99.0,96.5,85.0,139.61,112.01,98.35,105.08
S001,P005,weekly,2018-01-29,99.0,96.5,80.0,139.78,114.83,99.96,105.01
S001,P005,weekly,2018-02-05,99.0,96.5,111.0,139.96,113.37,107.71,111.26
S001,P005,weekly,2018-02-12,99.0,96.5,110.0,140.13,116.36,112.54,112.42
S001,P005,weekly,2018-02-19,99.0,96.5,114.0,140.31,119.38,113.68,113.81
S001,P006,weekly,2018-01-01,309.0,329.5,277.0,442.17,337.45,306.49,333.6
S001,P006,weekly,2018-01-08,309.0,329.5,316.0,442.71,341.74,308.55,341.25
S001,P006,weekly,2018-01-15,309.0,329.5,293.0,443.26,346.75,306.25,337.96
S001,P006,weekly,2018-01-22,309.0,329.5,281.0,443.8,352.43,310.21,337.66
S001,P006,weekly,2018-01-29,309.0,329.5,303.0,444.34,358.72,315.46,343.34
S001,P006,weekly,2018-02-05,309.0,329.5,319.0,444.88,360.03,319.6,347.0
S001,P006,weekly,2018-02-12,309.0,329.5,328.0,445.42,367.35,324.53,350.63
S001,P006,weekly,2018-02-19,309.0,329.5,304.0,445.96,375.06,328.0,348.59
S001,P007,weekly,2018-01-01,331.0,311.75,274.0,436.24,324.12,288.42,327.59
S001,P007,weekly,2018-01-08,331.0,311.75,268.0,436.75,328.24,290.96,327.78
S001,P007,weekly,2018-01-15,331.0,311.75,265.0,437.27,332.93,291.65,328.27
S001,P007,weekly,2018-01-22,331.0,311.75,301.0,437.78,338.15,302.99,337.11
S001,P007,weekly,2018-01-29,331.0,311.75,311.0,438.29,343.83,304.69,340.09
S001,P007,weekly,2018-02-05,331.0,311.75,284.0,438.8,350.7,305.45,336.95
S001,P007,weekly,2018-02-12,331.0,311.75,332.0,439.31,357.16,311.16,347.06
S001,P007,weekly,2018-02-19,331.0,311.75,312.0,439.82,363.92,315.19,345.61
S001,P008,weekly,2018-01-01,405.0,421.75,371.0,578.33,439.63,379.49,432.53
S001,P008,weekly,2018-01-08,405.0,421.75,379.0,579.04,443.68,379.49,434.66
S001,P008,weekly,2018-01-15,405.0,421.75,358.0,579.74,448.16,377.96,431.77
S001,P008,weekly,2018-01-22,405.0,421.75,358.0,580.45,453.03,380.2,433.07
S001,P008,weekly,2018-01-29,405.0,421.75,376.0,581.15,458.22,386.63,438.13
S001,P008,weekly,2018-02-05,405.0,421.75,386.0,581.86,476.49,409.35,446.74
S001,P008,weekly,2018-02-12,405.0,421.75,409.0,582.56,482.08,411.64,452.01
S001,P008,weekly,2018-02-19,405.0,421.75,415.0,583.26,487.77,420.28,455.51
S001,P009,weekly,2018-01-01,269.0,264.25,225.0,385.02,289.08,254.02,281.06
S001,P009,weekly,2018-01-08,269.0,264.25,247.0,385.48,294.06,255.84,285.94
S001,P009,weekly,2018-01-15,269.0,264.25,263.0,385.93,299.41,261.73,290.55
S001,P009,weekly,2018-01-22,269.0,264.25,272.0,386.39,305.05,269.19,294.31
S001,P009,weekly,2018-01-29,269.0,264.25,276.0,386.84,310.93,270.2,296.2
S001,P009,weekly,2018-02-05,269.0,264.25,282.0,387.3,311.61,275.45,298.27
S001,P009,weekly,2018-02-12,269.0,264.25,294.0,387.76,317.72,285.02,302.96
S001,P009,weekly,2018-02-19,269.0,264.25,287.0,388.21,323.84,290.71,303.84
S001,P010,weekly,2018-01-01,418.0,399.75,374.0,554.28,426.98,391.51,427.42
S001,P010,weekly,2018-01-08,418.0,399.75,405.0,554.97,430.69,391.51,433.32
S001,P010,weekly,2018-01-15,418.0,399.75,387.0,555.65,434.89,391.51,431.13
S001,P010,weekly,2018-01-22,418.0,399.75,335.0,556.34,439.5,392.06,423.44
S001,P010,weekly,2018-01-29,418.0,399.75,365.0,557.03,444.46,392.06,429.38
S001,P010,weekly,2018-02-05,418.0,399.75,381.0,557.72,454.72,393.27,434.08
S001,P010,weekly,2018-02-12,418.0,399.75,416.0,558.4,460.14,399.47,441.96
S001,P010,weekly,2018-02-19,418.0,399.75,394.0,559.09,465.69,399.46,439.33
S002,P001,weekly,2018-01-01,156.0,156.25,149.0,234.8,176.98,154.86,171.31
S002,P001,weekly,2018-01-08,156.0,156.25,157.0,235.09,179.44,154.72,173.08
S002,P001,weekly,2018-01-15,156.0,156.25,158.0,235.38,182.19,154.05,173.65
S002,P001,weekly,2018-01-22,156.0,156.25,135.0,235.66,185.19,157.38,170.91
S002,P001,weekly,2018-01-29,156.0,156.25,167.0,235.95,188.38,161.95,177.59
S002,P001,weekly,2018-02-05,156.0,156.25,186.0,236.24,189.26,172.92,182.78
S002,P001,weekly,2018-02-12,156.0,156.25,168.0,236.53,192.7,170.43,179.98
S002,P001,weekly,2018-02-19,156.0,156.25,160.0,236.82,196.19,170.55,179.3
S002,P002,weekly,2018-01-01,474.0,444.5,385.0,624.62,475.2,413.89,469.53
S002,P002,weekly,2018-01-08,474.0,444.5,417.0,625.36,478.11,414.38,475.56
S002,P002,weekly,2018-01-15,474.0,444.5,404.0,626.11,481.94,415.09,474.27
S002,P002,weekly,2018-01-22,474.0,444.5,361.0,626.85,486.65,414.89,467.98
S002,P002,weekly,2018-01-29,474.0,444.5,425.0,627.6,492.19,429.47,482.13
S002,P002,weekly,2018-02-05,474.0,444.5,467.0,628.35,509.27,443.9,494.5
S002,P002,weekly,2018-02-12,474.0,444.5,451.0,629.09,516.27,443.97,493.14
S002,P002,weekly,2018-02-19,474.0,444.5,463.0,629.84,523.89,446.92,497.02
S002,P003,weekly,2018-01-01,273.0,295.25,250.0,394.12,299.06,281.23,298.78
S002,P003,weekly,2018-01-08,273.0,295.25,252.0,394.62,302.86,281.23,299.83
S002,P003,weekly,2018-01-15,273.0,295.25,256.0,395.12,307.17,280.91,301.24
S002,P003,weekly,2018-01-22,273.0,295.25,286.0,395.62,311.94,292.73,309.09
S002,P003,weekly,2018-01-29,273.0,295.25,303.0,396.11,317.1,295.86,313.39
S002,P003,weekly,2018-02-05,273.0,295.25,268.0,396.61,321.34,296.54,308.46
S002,P003,weekly,2018-02-12,273.0,295.25,300.0,397.11,327.11,298.5,315.16
S002,P003,weekly,2018-02-19,273.0,295.25,290.0,397.61,333.07,300.13,314.84
S002,P004,weekly,2018-01-01,174.0,172.25,138.0,235.32,178.29,159.48,176.22
S002,P004,weekly,2018-01-08,174.0,172.25,160.0,235.61,178.65,163.62,180.69
S002,P004,weekly,2018-01-15,174.0,172.25,156.0,235.9,179.5,164.52,180.36
S002,P004,weekly,2018-01-22,174.0,172.25,148.0,236.19,180.85,165.83,179.52
S002,P004,weekly,2018-01-29,174.0,172.25,174.0,236.48,182.67,172.36,185.29
S002,P004,weekly,2018-02-05,174.0,172.25,148.0,236.77,191.63,174.87,182.92
S002,P004,weekly,2018-02-12,174.0,172.25,180.0,237.05,194.34,182.49,190.02
S002,P004,weekly,2018-02-19,174.0,172.25,179.0,237.34,197.45,186.23,191.05
S002,P005,weekly,2018-01-01,150.0,144.25,115.0,196.44,144.6,128.79,146.51
S002,P005,weekly,2018-01-08,150.0,144.25,121.0,196.69,148.03,132.22,148.7
S002,P005,weekly,2018-01-15,150.0,144.25,159.0,196.93,151.76,135.68,156.27
S002,P005,weekly,2018-01-22,150.0,144.25,132.0,197.17,155.75,134.95,152.35
S002,P005,weekly,2018-01-29,150.0,144.25,152.0,197.41,159.97,136.43,156.68
S002,P005,weekly,2018-02-05,150.0,144.25,124.0,197.66,158.61,135.85,151.73
S002,P005,weekly,2018-02-12,150.0,144.25,143.0,197.9,163.13,138.49,156.13
S002,P005,weekly,2018-02-19,150.0,144.25,118.0,198.14,167.75,138.74,152.81
S002,P006,weekly,2018-01-01,426.0,444.5,428.0,621.56,465.57,428.53,469.03
S002,P006,weekly,2018-01-08,426.0,444.5,397.0,622.31,471.38,430.66,465.31
S002,P006,weekly,2018-01-15,426.0,444.5,436.0,623.05,477.93,432.37,473.31
S002,P006,weekly,2018-01-22,426.0,444.5,408.0,623.79,485.16,435.02,470.41
S002,P006,weekly,2018-01-29,426.0,444.5,423.0,624.53,492.99,436.73,474.63
S002,P006,weekly,2018-02-05,426.0,444.5,444.0,625.27,503.6,440.03,480.57
S002,P006,weekly,2018-02-12,426.0,444.5,439.0,626.02,512.33,439.56,481.23
S002,P006,weekly,2018-02-19,426.0,444.5,446.0,626.76,521.36,451.05,485.94
S002,P007,weekly,2018-01-01,460.0,443.0,421.0,622.3,474.41,427.94,474.78
S002,P007,weekly,2018-01-08,460.0,443.0,422.0,623.05,477.92,427.94,475.65
S002,P007,weekly,2018-01-15,460.0,443.0,393.0,623.79,482.16,425.53,471.25
S002,P007,weekly,2018-01-22,460.0,443.0,398.0,624.53,487.1,427.74,473.39
S002,P007,weekly,2018-01-29,460.0,443.0,424.0,625.27,492.65,431.67,479.43
S002,P007,weekly,2018-02-05,460.0,443.0,430.0,626.01,509.37,435.66,484.01
S002,P007,weekly,2018-02-12,460.0,443.0,444.0,626.76,515.95,437.72,487.9
S002,P007,weekly,2018-02-19,460.0,443.0,445.0,627.5,522.93,459.71,493.02
S002,P008,weekly,2018-01-01,644.0,598.0,538.0,821.89,612.4,546.24,626.76
S002,P008,weekly,2018-01-08,644.0,598.0,506.0,822.87,621.62,544.18,622.78
S002,P008,weekly,2018-01-15,644.0,598.0,513.0,823.85,631.58,544.2,625.77
S002,P008,weekly,2018-01-22,644.0,598.0,502.0,824.83,642.18,548.44,626.57
S002,P008,weekly,2018-01-29,644.0,598.0,583.0,825.82,653.29,573.73,646.31
S002,P008,weekly,2018-02-05,644.0,598.0,584.0,826.8,663.72,580.94,649.58
S002,P008,weekly,2018-02-12,644.0,598.0,546.0,827.78,675.48,579.57,645.14
S002,P008,weekly,2018-02-19,644.0,598.0,604.0,828.76,687.36,592.06,659.03
S002,P009,weekly,2018-01-01,377.0,377.5,381.0,545.35,416.64,371.36,411.47
S002,P009,weekly,2018-01-08,377.0,377.5,361.0,546.02,419.99,373.65,409.19
S002,P009,weekly,2018-01-15,377.0,377.5,343.0,546.68,424.13,373.93,407.04
S002,P009,weekly,2018-01-22,377.0,377.5,377.0,547.35,429.02,379.58,414.58
S002,P009,weekly,2018-01-29,377.0,377.5,380.0,548.01,434.64,381.34,416.42
S002,P009,weekly,2018-02-05,377.0,377.5,400.0,548.68,445.77,385.12,422.35
S002,P009,weekly,2018-02-12,377.0,377.5,423.0,549.35,452.67,388.38,427.98
S002,P009,weekly,2018-02-19,377.0,377.5,367.0,550.01,460.1,387.7,419.89
S002,P010,weekly,2018-01-01,545.0,565.75,503.0,782.82,607.81,543.45,591.31
S002,P010,weekly,2018-01-08,545.0,565.75,535.0,783.77,610.55,543.45,597.25
S002,P010,weekly,2018-01-15,545.0,565.75,498.0,784.72,614.59,543.08,591.86
S002,P010,weekly,2018-01-22,545.0,565.75,508.0,785.67,619.92,543.95,594.72
S002,P010,weekly,2018-01-29,545.0,565.75,547.0,786.62,626.5,553.64,604.09
S002,P010,weekly,2018-02-05,545.0,565.75,544.0,787.57,641.91,554.43,606.44
S002,P010,weekly,2018-02-12,545.0,565.75,566.0,788.52,650.81,555.85,611.99
S002,P010,weekly,2018-02-19,545.0,565.75,551.0,789.47,660.74,564.09,612.68
S003,P001,weekly,2018-01-01,133.0,158.25,136.0,210.29,157.9,149.28,157.45
S003,P001,weekly,2018-01-08,133.0,158.25,132.0,210.56,159.87,149.12,157.13
S003,P001,weekly,2018-01-15,133.0,158.25,149.0,210.83,161.9,152.21,160.86
S003,P001,weekly,2018-01-22,133.0,158.25,144.0,211.09,163.95,153.21,160.58
S003,P001,weekly,2018-01-29,133.0,158.25,164.0,211.36,166.01,154.89,164.58
S003,P001,weekly,2018-02-05,133.0,158.25,157.0,211.63,171.82,156.79,164.75
S003,P001,weekly,2018-02-12,133.0,158.25,143.0,211.89,173.82,156.37,162.72
S003,P001,weekly,2018-02-19,133.0,158.25,153.0,212.16,175.77,156.8,164.83
S003,P002,weekly,2018-01-01,420.0,399.5,355.0,554.62,423.51,376.29,421.49
S003,P002,weekly,2018-01-08,420.0,399.5,369.0,555.29,424.83,376.29,424.15
S003,P002,weekly,2018-01-15,420.0,399.5,348.0,555.96,426.53,376.29,421.05
S003,P002,weekly,2018-01-22,420.0,399.5,319.0,556.62,428.59,376.26,416.66
S003,P002,weekly,2018-01-29,420.0,399.5,391.0,557.29,430.96,388.1,431.14
S003,P002,weekly,2018-02-05,420.0,399.5,419.0,557.95,457.57,402.81,442.81
S003,P002,weekly,2018-02-12,420.0,399.5,426.0,558.62,460.45,405.27,444.97
S003,P002,weekly,2018-02-19,420.0,399.5,404.0,559.29,463.51,408.94,442.54
S003,P003,weekly,2018-01-01,235.0,258.5,223.0,346.36,267.36,238.99,261.53
S003,P003,weekly,2018-01-08,235.0,258.5,241.0,346.77,267.89,238.99,264.69
S003,P003,weekly,2018-01-15,235.0,258.5,230.0,347.19,268.81,239.4,263.15
S003,P003,weekly,2018-01-22,235.0,258.5,223.0,347.6,270.11,239.86,262.34
S003,P003,weekly,2018-01-29,235.0,258.5,255.0,348.01,271.73,241.16,268.23
S003,P003,weekly,2018-02-05,235.0,258.5,265.0,348.43,285.72,243.39,272.67
S003,P003,weekly,2018-02-12,235.0,258.5,252.0,348.84,287.86,242.89,270.85
S003,P003,weekly,2018-02-19,235.0,258.5,205.0,349.25,290.19,243.97,263.65
S003,P004,weekly,2018-01-01,149.0,146.5,147.0,208.03,159.94,141.44,158.65
S003,P004,weekly,2018-01-08,149.0,146.5,126.0,208.28,160.06,139.98,154.97
S003,P004,weekly,2018-01-15,149.0,146.5,148.0,208.52,160.54,141.64,159.03
S003,P004,weekly,2018-01-22,149.0,146.5,141.0,208.77,161.33,141.79,158.07
S003,P004,weekly,2018-01-29,149.0,146.5,146.0,209.02,162.42,142.48,159.24
S003,P004,weekly,2018-02-05,149.0,146.5,133.0,209.26,169.87,142.12,158.29
S003,P004,weekly,2018-02-12,149.0,146.5,138.0,209.51,171.43,142.12,159.43
S003,P004,weekly,2018-02-19,149.0,146.5,140.0,209.76,173.18,144.15,160.43
S003,P005,weekly,2018-01-01,138.0,135.5,107.0,174.89,133.86,126.57,135.97
S003,P005,weekly,2018-01-08,138.0,135.5,119.0,175.11,135.0,127.44,138.34
S003,P005,weekly,2018-01-15,138.0,135.5,130.0,175.33,136.51,128.03,140.56
S003,P005,weekly,2018-01-22,138.0,135.5,115.0,175.55,138.38,127.97,138.4
S003,P005,weekly,2018-01-29,138.0,135.5,135.0,175.77,140.58,128.78,142.27
S003,P005,weekly,2018-02-05,138.0,135.5,119.0,175.99,141.94,128.8,139.87
S003,P005,weekly,2018-02-12,138.0,135.5,121.0,176.21,144.75,128.8,140.71
S003,P005,weekly,2018-02-19,138.0,135.5,119.0,176.43,147.82,131.41,141.36
S003,P006,weekly,2018-01-01,380.0,396.25,362.0,557.61,424.15,378.42,416.41
S003,P006,weekly,2018-01-08,380.0,396.25,375.0,558.29,428.0,381.61,419.86
S003,P006,weekly,2018-01-15,380.0,396.25,350.0,558.97,432.87,381.29,416.56
S003,P006,weekly,2018-01-22,380.0,396.25,389.0,559.64,438.73,383.05,424.45
S003,P006,weekly,2018-01-29,380.0,396.25,436.0,560.32,445.53,388.32,434.4
S003,P006,weekly,2018-02-05,380.0,396.25,399.0,561.0,451.49,389.3,429.51
S003,P006,weekly,2018-02-12,380.0,396.25,373.0,561.68,459.98,387.45,426.39
S003,P006,weekly,2018-02-19,380.0,396.25,371.0,562.36,469.19,389.45,428.04
S003,P007,weekly,2018-01-01,394.0,402.0,366.0,556.15,432.03,388.65,423.14
S003,P007,weekly,2018-01-08,394.0,402.0,371.0,556.84,432.16,389.22,424.2
S003,P007,weekly,2018-01-15,394.0,402.0,382.0,557.52,432.85,389.91,426.38
S003,P007,weekly,2018-01-22,394.0,402.0,347.0,558.21,434.09,388.95,420.71
S003,P007,weekly,2018-01-29,394.0,402.0,350.0,558.89,435.84,389.73,421.74
S003,P007,weekly,2018-02-05,394.0,402.0,384.0,559.58,460.39,393.64,432.27
S003,P007,weekly,2018-02-12,394.0,402.0,398.0,560.27,463.04,402.76,436.68
S003,P007,weekly,2018-02-19,394.0,402.0,394.0,560.95,466.05,417.45,439.07
S003,P008,weekly,2018-01-01,490.0,514.0,495.0,730.28,557.01,496.54,547.14
S003,P008,weekly,2018-01-08,490.0,514.0,470.0,731.18,561.61,496.06,543.81
S003,P008,weekly,2018-01-15,490.0,514.0,471.0,732.08,567.6,495.33,545.0
S003,P008,weekly,2018-01-22,490.0,514.0,441.0,732.98,574.9,500.33,542.2
S003,P008,weekly,2018-01-29,490.0,514.0,512.0,733.88,583.46,507.37,556.78
S003,P008,weekly,2018-02-05,490.0,514.0,500.0,734.78,594.04,510.13,557.16
S003,P008,weekly,2018-02-12,490.0,514.0,521.0,735.68,604.82,511.22,562.79
S003,P008,weekly,2018-02-19,490.0,514.0,531.0,736.59,616.53,529.52,569.61
S003,P009,weekly,2018-01-01,359.0,355.75,324.0,483.68,375.14,331.85,371.57
S003,P009,weekly,2018-01-08,359.0,355.75,307.0,484.25,375.36,331.03,368.73
S003,P009,weekly,2018-01-15,359.0,355.75,320.0,484.82,376.23,332.92,371.45
S003,P009,weekly,2018-01-22,359.0,355.75,326.0,485.39,377.75,336.21,373.35
S003,P009,weekly,2018-01-29,359.0,355.75,339.0,485.96,379.89,338.96,376.43
S003,P009,weekly,2018-02-05,359.0,355.75,358.0,486.53,399.28,342.42,383.49
S003,P009,weekly,2018-02-12,359.0,355.75,322.0,487.09,402.55,342.8,378.2
S003,P009,weekly,2018-02-19,359.0,355.75,358.0,487.66,406.31,344.53,385.21
S003,P010,weekly,2018-01-01,414.0,483.75,435.0,696.73,531.16,478.21,506.47
S003,P010,weekly,2018-01-08,414.0,483.75,478.0,697.6,536.96,480.7,515.17
S003,P010,weekly,2018-01-15,414.0,483.75,480.0,698.46,543.42,483.13,517.13
S003,P010,weekly,2018-01-22,414.0,483.75,461.0,699.33,550.46,482.13,515.11
S003,P010,weekly,2018-01-29,414.0,483.75,509.0,700.19,557.97,482.67,524.6
S003,P010,weekly,2018-02-05,414.0,483.75,506.0,701.06,572.42,486.39,527.27
S003,P010,weekly,2018-02-12,414.0,483.75,505.0,701.92,580.54,486.39,528.6
S003,P010,weekly,2018-02-19,414.0,483.75,487.0,702.79,588.78,491.4,527.95
S004,P001,weekly,2018-01-01,147.0,142.75,142.0,189.98,145.81,133.89,150.24
S004,P001,weekly,2018-01-08,147.0,142.75,124.0,190.21,144.75,131.91,146.77
S004,P001,weekly,2018-01-15,147.0,142.75,136.0,190.43,144.18,131.92,148.71
S004,P001,weekly,2018-01-22,147.0,142.75,119.0,190.66,144.08,131.73,145.87
S004,P001,weekly,2018-01-29,147.0,142.75,133.0,190.89,144.45,131.73,148.3
S004,P001,weekly,2018-02-05,147.0,142.75,134.0,191.11,154.36,132.01,150.2
S004,P001,weekly,2018-02-12,147.0,142.75,122.0,191.34,155.57,130.85,148.25
S004,P001,weekly,2018-02-19,147.0,142.75,128.0,191.56,157.17,132.18,149.78
S004,P002,weekly,2018-01-01,351.0,373.25,304.0,511.12,381.44,331.58,375.4
S004,P002,weekly,2018-01-08,351.0,373.25,299.0,511.73,385.84,333.38,375.7
S004,P002,weekly,2018-01-15,351.0,373.25,342.0,512.33,390.91,345.85,385.89
S004,P002,weekly,2018-01-22,351.0,373.25,325.0,512.94,396.59,347.56,384.39
S004,P002,weekly,2018-01-29,351.0,373.25,350.0,513.55,402.8,360.04,391.77
S004,P002,weekly,2018-02-05,351.0,373.25,396.0,514.15,412.53,366.44,402.23
S004,P002,weekly,2018-02-12,351.0,373.25,356.0,514.76,419.5,366.97,396.91
S004,P002,weekly,2018-02-19,351.0,373.25,341.0,515.36,426.7,374.92,397.04
S004,P003,weekly,2018-01-01,252.0,234.25,215.0,319.73,250.62,231.97,250.59
S004,P003,weekly,2018-01-08,252.0,234.25,238.0,320.11,249.49,231.97,254.3
S004,P003,weekly,2018-01-15,252.0,234.25,194.0,320.49,248.71,230.96,246.73
S004,P003,weekly,2018-01-22,252.0,234.25,201.0,320.87,248.25,233.64,248.33
S004,P003,weekly,2018-01-29,252.0,234.25,195.0,321.25,248.1,233.74,247.39
S004,P003,weekly,2018-02-05,252.0,234.25,234.0,321.64,266.47,236.84,257.53
S004,P003,weekly,2018-02-12,252.0,234.25,249.0,322.02,266.89,238.34,260.42
S004,P003,weekly,2018-02-19,252.0,234.25,237.0,322.4,267.56,240.66,258.98
S004,P004,weekly,2018-01-01,166.0,151.25,133.0,191.39,142.88,149.83,155.73
S004,P004,weekly,2018-01-08,166.0,151.25,125.0,191.62,144.69,149.83,154.73
S004,P004,weekly,2018-01-15,166.0,151.25,122.0,191.85,146.74,149.65,154.58
S004,P004,weekly,2018-01-22,166.0,151.25,130.0,192.08,149.01,149.65,156.33
S004,P004,weekly,2018-01-29,166.0,151.25,143.0,192.31,151.49,150.21,159.04
S004,P004,weekly,2018-02-05,166.0,151.25,128.0,192.53,153.22,150.81,156.97
S004,P004,weekly,2018-02-12,166.0,151.25,143.0,192.76,156.06,151.45,160.09
S004,P004,weekly,2018-02-19,166.0,151.25,127.0,192.99,159.04,151.15,157.91
S004,P005,weekly,2018-01-01,116.0,115.5,95.0,162.07,126.55,109.75,120.81
S004,P005,weekly,2018-01-08,116.0,115.5,132.0,162.26,126.01,114.24,127.67
S004,P005,weekly,2018-01-15,116.0,115.5,94.0,162.45,125.78,112.27,121.0
S004,P005,weekly,2018-01-22,116.0,115.5,91.0,162.65,125.85,113.57,120.76
S004,P005,weekly,2018-01-29,116.0,115.5,110.0,162.84,126.24,117.89,124.75
S004,P005,weekly,2018-02-05,116.0,115.5,117.0,163.04,133.13,122.04,127.79
S004,P005,weekly,2018-02-12,116.0,115.5,122.0,163.23,134.11,122.27,128.85
S004,P005,weekly,2018-02-19,116.0,115.5,124.0,163.43,135.37,123.08,129.56
S004,P006,weekly,2018-01-01,347.0,360.25,304.0,506.77,390.27,346.41,375.78
S004,P006,weekly,2018-01-08,347.0,360.25,330.0,507.37,391.5,347.31,380.57
S004,P006,weekly,2018-01-15,347.0,360.25,368.0,507.97,393.22,351.8,388.04
S004,P006,weekly,2018-01-22,347.0,360.25,318.0,508.56,395.41,351.8,380.17
S004,P006,weekly,2018-01-29,347.0,360.25,371.0,509.16,398.04,352.49,389.66
S004,P006,weekly,2018-02-05,347.0,360.25,348.0,509.75,414.61,353.71,388.89
S004,P006,weekly,2018-02-12,347.0,360.25,388.0,510.35,418.01,361.94,397.59
S004,P006,weekly,2018-02-19,347.0,360.25,362.0,510.95,421.74,363.74,394.28
S004,P007,weekly,2018-01-01,382.0,368.0,349.0,507.65,382.86,347.57,389.51
S004,P007,weekly,2018-01-08,382.0,368.0,297.0,508.24,387.29,346.1,381.44
S004,P007,weekly,2018-01-15,382.0,368.0,333.0,508.82,392.67,348.79,388.88
S004,P007,weekly,2018-01-22,382.0,368.0,339.0,509.41,398.96,351.48,391.48
S004,P007,weekly,2018-01-29,382.0,368.0,356.0,509.99,406.12,353.73,395.97
S004,P007,weekly,2018-02-05,382.0,368.0,362.0,510.57,408.63,363.65,399.14
S004,P007,weekly,2018-02-12,382.0,368.0,369.0,511.16,417.29,364.54,402.0
S004,P007,weekly,2018-02-19,382.0,368.0,390.0,511.74,426.59,368.53,407.81
S004,P008,weekly,2018-01-01,474.0,488.0,442.0,675.26,513.77,463.76,509.46
S004,P008,weekly,2018-01-08,474.0,488.0,404.0,676.1,516.71,463.76,503.76
S004,P008,weekly,2018-01-15,474.0,488.0,434.0,676.93,520.54,466.12,509.93
S004,P008,weekly,2018-01-22,474.0,488.0,442.0,677.77,525.2,466.12,512.18
S004,P008,weekly,2018-01-29,474.0,488.0,489.0,678.61,530.63,472.93,522.2
S004,P008,weekly,2018-02-05,474.0,488.0,419.0,679.45,551.68,474.36,514.41
S004,P008,weekly,2018-02-12,474.0,488.0,467.0,680.29,558.4,477.4,524.18
S004,P008,weekly,2018-02-19,474.0,488.0,518.0,681.13,565.64,508.5,539.21
S004,P009,weekly,2018-01-01,334.0,329.25,282.0,446.42,331.71,304.95,338.06
S004,P009,weekly,2018-01-08,334.0,329.25,264.0,446.95,336.26,304.29,335.79
S004,P009,weekly,2018-01-15,334.0,329.25,309.0,447.47,341.64,310.48,345.31
S004,P009,weekly,2018-01-22,334.0,329.25,273.0,447.99,347.76,311.41,340.57
S004,P009,weekly,2018-01-29,334.0,329.25,313.0,448.51,354.55,318.11,349.57
S004,P009,weekly,2018-02-05,334.0,329.25,342.0,449.03,357.11,326.42,356.3
S004,P009,weekly,2018-02-12,334.0,329.25,341.0,449.55,364.94,328.25,357.83
S004,P009,weekly,2018-02-19,334.0,329.25,313.0,450.07,373.13,334.18,355.61
S004,P010,weekly,2018-01-01,428.0,471.5,435.0,640.06,481.46,456.75,485.46
S004,P010,weekly,2018-01-08,428.0,471.5,402.0,640.83,486.87,456.3,480.92
S004,P010,weekly,2018-01-15,428.0,471.5,409.0,641.6,493.18,457.03,483.39
S004,P010,weekly,2018-01-22,428.0,471.5,405.0,642.37,500.34,458.78,484.33
S004,P010,weekly,2018-01-29,428.0,471.5,443.0,643.15,508.26,460.35,492.38
S004,P010,weekly,2018-02-05,428.0,471.5,490.0,643.92,518.92,462.51,502.48
S004,P010,weekly,2018-02-12,428.0,471.5,459.0,644.69,528.12,462.61,498.99
S004,P010,weekly,2018-02-19,428.0,471.5,443.0,645.46,537.82,467.04,498.8
S005,P001,weekly,2018-01-01,118.0,104.5,78.0,139.74,107.04,101.02,108.05
S005,P001,weekly,2018-01-08,118.0,104.5,92.0,139.91,107.38,101.68,110.58
S005,P001,weekly,2018-01-15,118.0,104.5,91.0,140.08,107.91,101.85,110.56
S005,P001,weekly,2018-01-22,118.0,104.5,85.0,140.25,108.65,101.69,109.68
S005,P001,weekly,2018-01-29,118.0,104.5,94.0,140.43,109.58,103.55,111.68
S005,P001,weekly,2018-02-05,118.0,104.5,109.0,140.6,114.22,105.65,115.33
S005,P001,weekly,2018-02-12,118.0,104.5,102.0,140.77,115.51,108.88,114.94
S005,P001,weekly,2018-02-19,118.0,104.5,118.0,140.95,116.96,113.56,118.66
S005,P002,weekly,2018-01-01,255.0,272.5,211.0,371.33,288.0,253.19,275.17
S005,P002,weekly,2018-01-08,255.0,272.5,239.0,371.78,289.53,254.01,280.3
S005,P002,weekly,2018-01-15,255.0,272.5,221.0,372.24,291.46,254.41,277.77
S005,P002,weekly,2018-01-22,255.0,272.5,239.0,372.7,293.75,259.11,282.01
S005,P002,weekly,2018-01-29,255.0,272.5,246.0,373.16,296.38,265.85,284.81
S005,P002,weekly,2018-02-05,255.0,272.5,283.0,373.62,310.67,272.99,294.63
S005,P002,weekly,2018-02-12,255.0,272.5,281.0,374.08,313.84,275.92,295.39
S005,P002,weekly,2018-02-19,255.0,272.5,273.0,374.54,317.19,274.69,294.49
S005,P003,weekly,2018-01-01,181.0,170.0,150.0,231.31,171.8,160.45,177.43
S005,P003,weekly,2018-01-08,181.0,170.0,135.0,231.59,174.94,160.45,175.49
S005,P003,weekly,2018-01-15,181.0,170.0,143.0,231.87,178.36,160.45,177.44
S005,P003,weekly,2018-01-22,181.0,170.0,129.0,232.15,182.01,162.19,176.06
S005,P003,weekly,2018-01-29,181.0,170.0,163.0,232.43,185.83,164.41,182.78
S005,P003,weekly,2018-02-05,181.0,170.0,165.0,232.7,184.72,165.01,183.07
S005,P003,weekly,2018-02-12,181.0,170.0,156.0,232.98,188.69,165.01,182.28
S005,P003,weekly,2018-02-19,181.0,170.0,157.0,233.26,192.64,171.37,184.21
S005,P004,weekly,2018-01-01,84.0,102.0,87.0,140.53,102.71,89.03,100.88
S005,P004,weekly,2018-01-08,84.0,102.0,81.0,140.7,105.12,88.64,100.24
S005,P004,weekly,2018-01-15,84.0,102.0,78.0,140.88,107.62,91.83,100.72
S005,P004,weekly,2018-01-22,84.0,102.0,89.0,141.06,110.17,92.92,103.19
S005,P004,weekly,2018-01-29,84.0,102.0,102.0,141.23,112.74,98.57,106.76
S005,P004,weekly,2018-02-05,84.0,102.0,98.0,141.41,113.78,101.72,106.82
S005,P004,weekly,2018-02-12,84.0,102.0,99.0,141.59,116.3,102.8,107.61
S005,P004,weekly,2018-02-19,84.0,102.0,103.0,141.76,118.75,109.0,109.75
S005,P005,weekly,2018-01-01,88.0,87.5,85.0,117.27,91.51,80.43,91.62
S005,P005,weekly,2018-01-08,88.0,87.5,79.0,117.41,91.17,81.65,90.79
S005,P005,weekly,2018-01-15,88.0,87.5,72.0,117.56,90.92,81.3,89.55
S005,P005,weekly,2018-01-22,88.0,87.5,88.0,117.7,90.77,85.42,92.9
S005,P005,weekly,2018-01-29,88.0,87.5,74.0,117.84,90.73,86.8,90.81
S005,P005,weekly,2018-02-05,88.0,87.5,93.0,117.99,96.62,91.71,95.8
S005,P005,weekly,2018-02-12,88.0,87.5,92.0,118.13,96.8,92.66,95.85
S005,P005,weekly,2018-02-19,88.0,87.5,89.0,118.27,97.08,93.12,95.5
S005,P006,weekly,2018-01-01,234.0,254.75,245.0,369.21,284.3,255.15,273.74
S005,P006,weekly,2018-01-08,234.0,254.75,265.0,369.65,284.5,255.34,277.21
S005,P006,weekly,2018-01-15,234.0,254.75,241.0,370.09,285.24,253.66,273.12
S005,P006,weekly,2018-01-22,234.0,254.75,224.0,370.52,286.48,253.76,270.59
S005,P006,weekly,2018-01-29,234.0,254.75,247.0,370.96,288.17,258.71,275.6
S005,P006,weekly,2018-02-05,234.0,254.75,269.0,371.4,302.2,266.21,282.93
S005,P006,weekly,2018-02-12,234.0,254.75,290.0,371.84,304.66,273.13,288.06
S005,P006,weekly,2018-02-19,234.0,254.75,272.0,372.28,307.42,278.48,286.49
S005,P007,weekly,2018-01-01,255.0,259.75,230.0,372.28,283.96,242.26,273.88
S005,P007,weekly,2018-01-08,255.0,259.75,222.0,372.75,286.74,241.63,272.98
S005,P007,weekly,2018-01-15,255.0,259.75,220.0,373.21,289.77,241.09,273.14
S005,P007,weekly,2018-01-22,255.0,259.75,220.0,373.67,293.04,244.93,274.4
S005,P007,weekly,2018-01-29,255.0,259.75,245.0,374.14,296.5,252.7,280.51
S005,P007,weekly,2018-02-05,255.0,259.75,287.0,374.6,305.15,263.44,290.82
S005,P007,weekly,2018-02-12,255.0,259.75,262.0,375.06,308.92,264.84,287.6
S005,P007,weekly,2018-02-19,255.0,259.75,284.0,375.53,312.78,280.91,294.66
S005,P008,weekly,2018-01-01,363.0,341.25,292.0,488.78,369.9,328.14,363.84
S005,P008,weekly,2018-01-08,363.0,341.25,320.0,489.38,374.17,330.96,369.79
S005,P008,weekly,2018-01-15,363.0,341.25,319.0,489.98,379.15,331.85,370.7
S005,P008,weekly,2018-01-22,363.0,341.25,318.0,490.59,384.75,331.17,371.46
S005,P008,weekly,2018-01-29,363.0,341.25,340.0,491.19,390.92,333.37,376.62
S005,P008,weekly,2018-02-05,363.0,341.25,331.0,491.79,397.66,334.87,376.6
S005,P008,weekly,2018-02-12,363.0,341.25,342.0,492.4,404.69,334.87,379.7
S005,P008,weekly,2018-02-19,363.0,341.25,329.0,493.0,412.0,337.02,379.21
S005,P009,weekly,2018-01-01,231.0,228.0,197.0,322.09,243.31,221.58,240.5
S005,P009,weekly,2018-01-08,231.0,228.0,207.0,322.48,246.08,222.1,242.78
S005,P009,weekly,2018-01-15,231.0,228.0,231.0,322.86,249.27,224.99,247.85
S005,P009,weekly,2018-01-22,231.0,228.0,209.0,323.25,252.86,226.46,245.09
S005,P009,weekly,2018-01-29,231.0,228.0,245.0,323.63,256.79,230.7,252.52
S005,P009,weekly,2018-02-05,231.0,228.0,211.0,324.02,260.11,236.31,248.41
S005,P009,weekly,2018-02-12,231.0,228.0,233.0,324.4,264.6,236.31,252.89
S005,P009,weekly,2018-02-19,231.0,228.0,254.0,324.79,269.28,246.92,259.0
S005,P010,weekly,2018-01-01,337.0,325.75,330.0,464.01,362.43,325.71,357.48
S005,P010,weekly,2018-01-08,337.0,325.75,289.0,464.58,363.01,324.34,350.61
S005,P010,weekly,2018-01-15,337.0,325.75,291.0,465.16,364.53,324.34,351.3
S005,P010,weekly,2018-01-22,337.0,325.75,304.0,465.74,366.97,330.3,354.96
S005,P010,weekly,2018-01-29,337.0,325.75,320.0,466.32,370.28,330.3,358.27
S005,P010,weekly,2018-02-05,337.0,325.75,345.0,466.89,379.71,332.0,364.39
S005,P010,weekly,2018-02-12,337.0,325.75,350.0,467.47,384.58,339.97,367.46
S005,P010,weekly,2018-02-19,337.0,325.75,343.0,468.05,390.11,358.06,370.33
S006,P001,weekly,2018-01-01,91.0,94.75,79.0,137.31,101.22,92.51,99.3
S006,P001,weekly,2018-01-08,91.0,94.75,102.0,137.47,102.25,96.1,103.93
S006,P001,weekly,2018-01-15,91.0,94.75,100.0,137.62,103.41,97.65,104.07
S006,P001,weekly,2018-01-22,91.0,94.75,110.0,137.78,104.7,97.74,105.99
S006,P001,weekly,2018-01-29,91.0,94.75,85.0,137.93,106.08,96.76,101.92
S006,P001,weekly,2018-02-05,91.0,94.75,99.0,138.09,112.08,99.26,105.7
S006,P001,weekly,2018-02-12,91.0,94.75,106.0,138.24,113.58,101.86,107.57
S006,P001,weekly,2018-02-19,91.0,94.75,87.0,138.4,115.1,102.26,104.75
S006,P002,weekly,2018-01-01,287.0,260.5,210.0,371.99,284.7,243.87,276.34
S006,P002,weekly,2018-01-08,287.0,260.5,243.0,372.45,287.25,245.54,282.62
S006,P002,weekly,2018-01-15,287.0,260.5,214.0,372.91,290.41,246.61,278.57
S006,P002,weekly,2018-01-22,287.0,260.5,254.0,373.37,294.16,253.29,287.05
S006,P002,weekly,2018-01-29,287.0,260.5,258.0,373.83,298.48,258.98,289.47
S006,P002,weekly,2018-02-05,287.0,260.5,270.0,374.29,305.02,264.33,293.52
S006,P002,weekly,2018-02-12,287.0,260.5,281.0,374.75,310.36,267.33,296.82
S006,P002,weekly,2018-02-19,287.0,260.5,274.0,375.22,316.14,273.01,297.65
S006,P003,weekly,2018-01-01,179.0,172.0,145.0,230.33,172.55,169.12,178.0
S006,P003,weekly,2018-01-08,179.0,172.0,150.0,230.6,174.94,169.12,179.28
S006,P003,weekly,2018-01-15,179.0,172.0,138.0,230.88,177.68,168.81,177.73
S006,P003,weekly,2018-01-22,179.0,172.0,143.0,231.15,180.75,171.19,179.52
S006,P003,weekly,2018-01-29,179.0,172.0,174.0,231.42,184.11,175.47,186.0
S006,P003,weekly,2018-02-05,179.0,172.0,171.0,231.7,185.68,175.92,185.88
S006,P003,weekly,2018-02-12,179.0,172.0,159.0,231.97,189.49,174.85,184.38
S006,P003,weekly,2018-02-19,179.0,172.0,155.0,232.24,193.45,174.41,184.35
S006,P004,weekly,2018-01-01,78.0,100.5,85.0,137.78,106.27,88.4,99.33
S006,P004,weekly,2018-01-08,78.0,100.5,92.0,137.94,104.91,91.08,100.74
S006,P004,weekly,2018-01-15,78.0,100.5,75.0,138.09,103.81,90.31,97.62
S006,P004,weekly,2018-01-22,78.0,100.5,79.0,138.25,102.98,90.31,98.17
S006,P004,weekly,2018-01-29,78.0,100.5,104.0,138.41,102.43,95.59,103.15
S006,P004,weekly,2018-02-05,78.0,100.5,88.0,138.57,112.08,98.33,102.58
S006,P004,weekly,2018-02-12,78.0,100.5,99.0,138.72,112.09,99.94,104.71
S006,P004,weekly,2018-02-19,78.0,100.5,94.0,138.88,112.38,101.18,104.16
S006,P005,weekly,2018-01-01,74.0,86.5,78.0,115.92,91.56,79.63,87.6
S006,P005,weekly,2018-01-08,74.0,86.5,78.0,116.06,91.02,81.82,87.9
S006,P005,weekly,2018-01-15,74.0,86.5,75.0,116.21,90.71,82.34,87.46
S006,P005,weekly,2018-01-22,74.0,86.5,95.0,116.35,90.59,84.73,91.2
S006,P005,weekly,2018-01-29,74.0,86.5,83.0,116.49,90.65,83.62,89.04
S006,P005,weekly,2018-02-05,74.0,86.5,93.0,116.64,96.0,85.13,91.88
S006,P005,weekly,2018-02-12,74.0,86.5,80.0,116.78,96.33,84.79,89.73
S006,P005,weekly,2018-02-19,74.0,86.5,69.0,116.92,96.76,83.57,87.79
S006,P006,weekly,2018-01-01,250.0,258.25,237.0,369.01,279.47,252.51,274.37
S006,P006,weekly,2018-01-08,250.0,258.25,252.0,369.45,281.8,251.71,277.2
S006,P006,weekly,2018-01-15,250.0,258.25,218.0,369.89,284.59,251.36,272.02
S006,P006,weekly,2018-01-22,250.0,258.25,247.0,370.33,287.8,253.6,277.83
S006,P006,weekly,2018-01-29,250.0,258.25,244.0,370.77,291.4,255.33,278.29
S006,P006,weekly,2018-02-05,250.0,258.25,276.0,371.21,301.3,261.42,286.36
S006,P006,weekly,2018-02-12,250.0,258.25,264.0,371.65,305.54,261.86,285.22
S006,P006,weekly,2018-02-19,250.0,258.25,286.0,372.09,310.04,267.83,290.7
S006,P007,weekly,2018-01-01,257.0,261.5,242.0,370.87,281.02,250.79,277.2
S006,P007,weekly,2018-01-08,257.0,261.5,227.0,371.32,284.66,250.79,275.38
S006,P007,weekly,2018-01-15,257.0,261.5,230.0,371.77,288.81,250.79,276.65
S006,P007,weekly,2018-01-22,257.0,261.5,229.0,372.22,293.42,255.56,278.12
S006,P007,weekly,2018-01-29,257.0,261.5,285.0,372.67,298.41,261.67,289.37
S006,P007,weekly,2018-02-05,257.0,261.5,244.0,373.12,303.18,262.32,283.52
S006,P007,weekly,2018-02-12,257.0,261.5,250.0,373.57,308.77,262.06,285.48
S006,P007,weekly,2018-02-19,257.0,261.5,272.0,374.02,314.54,264.29,290.56
S006,P008,weekly,2018-01-01,364.0,350.75,288.0,483.37,360.82,327.84,362.46
S006,P008,weekly,2018-01-08,364.0,350.75,289.0,483.94,365.05,328.51,363.54
S006,P008,weekly,2018-01-15,364.0,350.75,319.0,484.51,370.05,331.2,369.92
S006,P008,weekly,2018-01-22,364.0,350.75,322.0,485.08,375.74,333.52,371.85
S006,P008,weekly,2018-01-29,364.0,350.75,341.0,485.65,382.05,334.77,376.37
S006,P008,weekly,2018-02-05,364.0,350.75,352.0,486.23,389.19,340.96,380.52
S006,P008,weekly,2018-02-12,364.0,350.75,311.0,486.8,396.49,339.72,374.79
S006,P008,weekly,2018-02-19,364.0,350.75,355.0,487.37,404.16,349.69,385.16
S006,P009,weekly,2018-01-01,257.0,239.5,229.0,328.08,250.93,228.37,255.48
S006,P009,weekly,2018-01-08,257.0,239.5,220.0,328.48,252.64,227.64,254.21
S006,P009,weekly,2018-01-15,257.0,239.5,224.0,328.87,255.04,226.78,255.2
S006,P009,weekly,2018-01-22,257.0,239.5,191.0,329.27,258.08,226.5,250.23
S006,P009,weekly,2018-01-29,257.0,239.5,230.0,329.67,261.72,230.98,258.14
S006,P009,weekly,2018-02-05,257.0,239.5,235.0,330.06,267.39,234.99,260.66
S006,P009,weekly,2018-02-12,257.0,239.5,237.0,330.46,272.02,236.81,262.13
S006,P009,weekly,2018-02-19,257.0,239.5,242.0,330.86,277.03,244.2,265.1
S006,P010,weekly,2018-01-01,324.0,332.5,316.0,462.6,354.86,317.16,351.19
S006,P010,weekly,2018-01-08,324.0,332.5,309.0,463.16,355.42,317.16,350.21
S006,P010,weekly,2018-01-15,324.0,332.5,299.0,463.73,356.7,316.82,348.79
S006,P010,weekly,2018-01-22,324.0,332.5,298.0,464.29,358.71,317.31,349.13
S006,P010,weekly,2018-01-29,324.0,332.5,324.0,464.85,361.42,317.9,354.11
S006,P010,weekly,2018-02-05,324.0,332.5,323.0,465.42,376.69,319.34,356.83
S006,P010,weekly,2018-02-12,324.0,332.5,315.0,465.98,380.74,319.24,356.24
S006,P010,weekly,2018-02-19,324.0,332.5,320.0,466.55,385.38,323.22,358.61
S007,P001,weekly,2018-01-01,99.0,90.75,81.0,125.27,97.27,86.89,96.7
S007,P001,weekly,2018-01-08,99.0,90.75,87.0,125.42,97.21,87.23,97.77
S007,P001,weekly,2018-01-15,99.0,90.75,78.0,125.57,97.31,86.56,96.2
S007,P001,weekly,2018-01-22,99.0,90.75,76.0,125.71,97.57,86.86,95.98
S007,P001,weekly,2018-01-29,99.0,90.75,88.0,125.86,98.0,89.64,98.54
S007,P001,weekly,2018-02-05,99.0,90.75,103.0,126.01,104.31,94.84,102.98
S007,P001,weekly,2018-02-12,99.0,90.75,103.0,126.15,105.02,98.25,103.7
S007,P001,weekly,2018-02-19,99.0,90.75,81.0,126.3,105.86,97.8,100.12
S007,P002,weekly,2018-01-01,223.0,239.0,208.0,336.61,251.94,234.97,248.92
S007,P002,weekly,2018-01-08,223.0,239.0,210.0,337.01,255.84,234.97,249.97
S007,P002,weekly,2018-01-15,223.0,239.0,209.0,337.4,260.17,234.4,250.49
S007,P002,weekly,2018-01-22,223.0,239.0,209.0,337.8,264.88,234.69,251.39
S007,P002,weekly,2018-01-29,223.0,239.0,232.0,338.19,269.93,235.6,256.29
S007,P002,weekly,2018-02-05,223.0,239.0,245.0,338.59,271.54,236.6,258.95
S007,P002,weekly,2018-02-12,223.0,239.0,236.0,338.98,277.11,238.96,258.84
S007,P002,weekly,2018-02-19,223.0,239.0,252.0,339.38,282.84,244.06,263.38
S007,P003,weekly,2018-01-01,155.0,154.25,116.0,214.83,160.27,132.24,155.43
S007,P003,weekly,2018-01-08,155.0,154.25,120.0,215.11,160.81,131.88,156.18
S007,P003,weekly,2018-01-15,155.0,154.25,125.0,215.39,161.48,133.15,157.38
S007,P003,weekly,2018-01-22,155.0,154.25,134.0,215.66,162.24,134.97,159.35
S007,P003,weekly,2018-01-29,155.0,154.25,140.0,215.94,163.1,140.38,161.44
S007,P003,weekly,2018-02-05,155.0,154.25,150.0,216.22,174.8,150.43,166.78
S007,P003,weekly,2018-02-12,155.0,154.25,159.0,216.49,175.81,151.45,168.67
S007,P003,weekly,2018-02-19,155.0,154.25,146.0,216.77,176.88,154.06,167.16
S007,P004,weekly,2018-01-01,90.0,84.25,87.0,126.58,96.79,84.32,94.82
S007,P004,weekly,2018-01-08,90.0,84.25,73.0,126.73,97.03,83.73,92.46
S007,P004,weekly,2018-01-15,90.0,84.25,80.0,126.87,97.36,83.66,93.69
S007,P004,weekly,2018-01-22,90.0,84.25,80.0,127.02,97.76,84.18,93.87
S007,P004,weekly,2018-01-29,90.0,84.25,83.0,127.16,98.25,85.1,94.63
S007,P004,weekly,2018-02-05,90.0,84.25,92.0,127.31,104.73,88.33,97.77
S007,P004,weekly,2018-02-12,90.0,84.25,89.0,127.46,105.37,88.1,97.36
S007,P004,weekly,2018-02-19,90.0,84.25,74.0,127.6,106.06,88.46,95.06
S007,P005,weekly,2018-01-01,63.0,76.5,88.0,106.91,84.94,78.23,82.93
S007,P005,weekly,2018-01-08,63.0,76.5,65.0,107.04,85.5,75.17,78.7
S007,P005,weekly,2018-01-15,63.0,76.5,55.0,107.18,86.27,71.31,76.54
S007,P005,weekly,2018-01-22,63.0,76.5,70.0,107.32,87.25,76.09,80.02
S007,P005,weekly,2018-01-29,63.0,76.5,69.0,107.45,88.41,76.41,80.13
S007,P005,weekly,2018-02-05,63.0,76.5,89.0,107.59,88.6,79.12,83.97
S007,P005,weekly,2018-02-12,63.0,76.5,81.0,107.72,90.1,79.28,82.93
S007,P005,weekly,2018-02-19,63.0,76.5,78.0,107.86,91.74,80.03,82.86
S007,P006,weekly,2018-01-01,232.0,237.0,239.0,340.0,253.76,231.71,255.58
S007,P006,weekly,2018-01-08,232.0,237.0,226.0,340.42,256.53,231.28,253.87
S007,P006,weekly,2018-01-15,232.0,237.0,196.0,340.84,259.65,229.96,249.24
S007,P006,weekly,2018-01-22,232.0,237.0,227.0,341.27,263.04,232.74,255.51
S007,P006,weekly,2018-01-29,232.0,237.0,234.0,341.69,266.67,233.64,257.5
S007,P006,weekly,2018-02-05,232.0,237.0,247.0,342.11,275.51,234.14,261.29
S007,P006,weekly,2018-02-12,232.0,237.0,221.0,342.53,279.4,233.78,257.62
S007,P006,weekly,2018-02-19,232.0,237.0,233.0,342.95,283.33,237.42,260.95
S007,P007,weekly,2018-01-01,269.0,246.25,220.0,340.11,257.91,241.11,262.4
S007,P007,weekly,2018-01-08,269.0,246.25,228.0,340.53,260.01,240.62,264.07
S007,P007,weekly,2018-01-15,269.0,246.25,242.0,340.96,262.55,242.49,267.21
S007,P007,weekly,2018-01-22,269.0,246.25,233.0,341.38,265.5,244.25,266.56
S007,P007,weekly,2018-01-29,269.0,246.25,261.0,341.8,268.84,246.26,272.19
S007,P007,weekly,2018-02-05,269.0,246.25,240.0,342.22,274.97,247.69,270.02
S007,P007,weekly,2018-02-12,269.0,246.25,258.0,342.64,278.96,250.06,274.15
S007,P007,weekly,2018-02-19,269.0,246.25,245.0,343.07,283.22,251.41,272.99
S007,P008,weekly,2018-01-01,338.0,315.25,273.0,445.36,336.58,311.54,336.62
S007,P008,weekly,2018-01-08,338.0,315.25,307.0,445.89,341.9,314.23,343.71
S007,P008,weekly,2018-01-15,338.0,315.25,312.0,446.42,347.59,315.74,345.83
S007,P008,weekly,2018-01-22,338.0,315.25,296.0,446.95,353.59,316.31,344.35
S007,P008,weekly,2018-01-29,338.0,315.25,316.0,447.48,359.85,318.38,349.16
S007,P008,weekly,2018-02-05,338.0,315.25,329.0,448.01,363.11,325.16,353.09
S007,P008,weekly,2018-02-12,338.0,315.25,340.0,448.55,369.67,326.98,356.41
S007,P008,weekly,2018-02-19,338.0,315.25,344.0,449.08,376.28,333.23,359.31
S007,P009,weekly,2018-01-01,200.0,202.5,197.0,299.46,232.06,201.73,222.13
S007,P009,weekly,2018-01-08,200.0,202.5,202.0,299.83,232.74,201.24,223.05
S007,P009,weekly,2018-01-15,200.0,202.5,198.0,300.19,233.79,199.75,222.37
S007,P009,weekly,2018-01-22,200.0,202.5,169.0,300.56,235.18,199.55,217.8
S007,P009,weekly,2018-01-29,200.0,202.5,192.0,300.93,236.89,204.49,222.8
S007,P009,weekly,2018-02-05,200.0,202.5,216.0,301.3,246.78,222.57,231.52
S007,P009,weekly,2018-02-12,200.0,202.5,246.0,301.67,249.01,234.29,238.91
S007,P009,weekly,2018-02-19,200.0,202.5,232.0,302.04,251.45,238.99,237.83
S007,P010,weekly,2018-01-01,307.0,290.5,246.0,424.43,327.08,273.16,311.36
S007,P010,weekly,2018-01-08,307.0,290.5,245.0,424.94,329.56,273.81,311.8
S007,P010,weekly,2018-01-15,307.0,290.5,295.0,425.45,332.8,280.05,321.8
S007,P010,weekly,2018-01-22,307.0,290.5,261.0,425.96,336.76,282.26,317.25
S007,P010,weekly,2018-01-29,307.0,290.5,324.0,426.46,341.39,293.4,330.46
S007,P010,weekly,2018-02-05,307.0,290.5,281.0,426.97,349.14,297.04,325.27
S007,P010,weekly,2018-02-12,307.0,290.5,294.0,427.48,354.93,297.86,328.63
S007,P010,weekly,2018-02-19,307.0,290.5,322.0,427.99,361.2,326.07,339.13
S008,P001,weekly,2018-01-01,167.0,158.5,135.0,225.52,164.46,148.59,166.51
S008,P001,weekly,2018-01-08,167.0,158.5,144.0,225.81,168.73,151.09,169.19
S008,P001,weekly,2018-01-15,167.0,158.5,146.0,226.09,173.17,152.77,170.59
S008,P001,weekly,2018-01-22,167.0,158.5,129.0,226.37,177.75,155.19,168.97
S008,P001,weekly,2018-01-29,167.0,158.5,165.0,226.65,182.42,159.83,176.57
S008,P001,weekly,2018-02-05,167.0,158.5,163.0,226.93,179.62,163.43,176.41
S008,P001,weekly,2018-02-12,167.0,158.5,150.0,227.21,184.31,163.24,175.04
S008,P001,weekly,2018-02-19,167.0,158.5,164.0,227.49,188.93,170.9,179.47
S008,P002,weekly,2018-01-01,492.0,437.75,409.0,598.74,455.27,420.34,468.85
S008,P002,weekly,2018-01-08,492.0,437.75,356.0,599.48,460.01,416.7,460.32
S008,P002,weekly,2018-01-15,492.0,437.75,383.0,600.22,465.26,417.71,465.99
S008,P002,weekly,2018-01-22,492.0,437.75,350.0,600.97,470.93,418.15,461.63
S008,P002,weekly,2018-01-29,492.0,437.75,420.0,601.71,476.97,422.64,475.18
S008,P002,weekly,2018-02-05,492.0,437.75,454.0,602.45,490.91,439.84,486.16
S008,P002,weekly,2018-02-12,492.0,437.75,425.0,603.2,497.45,438.98,482.4
S008,P002,weekly,2018-02-19,492.0,437.75,450.0,603.94,504.11,444.72,488.75
S008,P003,weekly,2018-01-01,283.0,262.5,220.0,374.63,276.71,237.2,275.67
S008,P003,weekly,2018-01-08,283.0,262.5,227.0,375.08,282.45,237.2,277.87
S008,P003,weekly,2018-01-15,283.0,262.5,227.0,375.53,288.65,239.69,279.39
S008,P003,weekly,2018-01-22,283.0,262.5,240.0,375.98,295.21,242.59,283.21
S008,P003,weekly,2018-01-29,283.0,262.5,271.0,376.44,302.07,247.25,290.38
S008,P003,weekly,2018-02-05,283.0,262.5,246.0,376.89,300.04,253.81,287.04
S008,P003,weekly,2018-02-12,283.0,262.5,271.0,377.34,307.22,262.61,293.94
S008,P003,weekly,2018-02-19,283.0,262.5,285.0,377.79,314.42,270.79,298.92
S008,P004,weekly,2018-01-01,140.0,140.5,131.0,220.83,169.29,140.78,157.07
S008,P004,weekly,2018-01-08,140.0,140.5,153.0,221.08,169.65,142.21,161.07
S008,P004,weekly,2018-01-15,140.0,140.5,133.0,221.33,170.33,142.46,157.94
S008,P004,weekly,2018-01-22,140.0,140.5,134.0,221.57,171.33,143.42,158.47
S008,P004,weekly,2018-01-29,140.0,140.5,146.0,221.82,172.65,146.03,161.17
S008,P004,weekly,2018-02-05,140.0,140.5,161.0,222.07,179.5,155.43,166.42
S008,P004,weekly,2018-02-12,140.0,140.5,170.0,222.31,181.45,156.33,168.43
S008,P004,weekly,2018-02-19,140.0,140.5,157.0,222.56,183.7,157.09,166.81
S008,P005,weekly,2018-01-01,151.0,140.75,122.0,189.0,138.26,123.41,144.07
S008,P005,weekly,2018-01-08,151.0,140.75,114.0,189.25,140.85,122.56,143.07
S008,P005,weekly,2018-01-15,151.0,140.75,130.0,189.49,143.72,124.43,146.57
S008,P005,weekly,2018-01-22,151.0,140.75,108.0,189.74,146.83,124.57,143.48
S008,P005,weekly,2018-01-29,151.0,140.75,108.0,189.98,150.16,124.87,144.13
S008,P005,weekly,2018-02-05,151.0,140.75,116.0,190.23,150.75,126.22,145.83
S008,P005,weekly,2018-02-12,151.0,140.75,138.0,190.47,154.4,138.7,152.22
S008,P005,weekly,2018-02-19,151.0,140.75,136.0,190.72,158.15,140.04,152.78
S008,P006,weekly,2018-01-01,444.0,429.5,409.0,596.75,450.58,419.28,458.19
S008,P006,weekly,2018-01-08,444.0,429.5,404.0,597.47,453.68,419.28,457.99
S008,P006,weekly,2018-01-15,444.0,429.5,347.0,598.18,457.4,418.14,449.04
S008,P006,weekly,2018-01-22,444.0,429.5,381.0,598.89,461.67,421.59,456.11
S008,P006,weekly,2018-01-29,444.0,429.5,370.0,599.6,466.44,421.59,455.19
S008,P006,weekly,2018-02-05,444.0,429.5,419.0,600.32,484.74,421.59,466.53
S008,P006,weekly,2018-02-12,444.0,429.5,412.0,601.03,490.32,422.93,466.63
S008,P006,weekly,2018-02-19,444.0,429.5,432.0,601.74,496.19,427.35,471.8
S008,P007,weekly,2018-01-01,439.0,432.75,386.0,594.47,449.13,396.21,449.59
S008,P007,weekly,2018-01-08,439.0,432.75,370.0,595.18,454.72,396.86,448.08
S008,P007,weekly,2018-01-15,439.0,432.75,400.0,595.88,460.9,398.62,454.53
S008,P007,weekly,2018-01-22,439.0,432.75,368.0,596.59,467.64,402.47,451.07
S008,P007,weekly,2018-01-29,439.0,432.75,413.0,597.3,474.87,409.7,461.1
S008,P007,weekly,2018-02-05,439.0,432.75,439.0,598.0,484.2,432.45,470.9
S008,P007,weekly,2018-02-12,439.0,432.75,425.0,598.71,492.2,438.42,471.01
S008,P007,weekly,2018-02-19,439.0,432.75,463.0,599.42,500.47,451.39,481.0
S008,P008,weekly,2018-01-01,532.0,556.75,534.0,790.11,611.19,538.16,593.7
S008,P008,weekly,2018-01-08,532.0,556.75,480.0,791.09,613.44,537.34,585.1
S008,P008,weekly,2018-01-15,532.0,556.75,498.0,792.08,616.81,538.05,588.95
S008,P008,weekly,2018-01-22,532.0,556.75,535.0,793.07,621.31,550.05,598.03
S008,P008,weekly,2018-01-29,532.0,556.75,563.0,794.05,626.91,558.19,605.15
S008,P008,weekly,2018-02-05,532.0,556.75,567.0,795.04,650.77,559.29,610.14
S008,P008,weekly,2018-02-12,532.0,556.75,523.0,796.03,658.5,559.29,604.26
S008,P008,weekly,2018-02-19,532.0,556.75,587.0,797.01,667.2,591.7,621.94
S008,P009,weekly,2018-01-01,402.0,379.0,333.0,530.67,407.3,374.62,404.43
S008,P009,weekly,2018-01-08,402.0,379.0,323.0,531.34,409.51,374.62,403.25
S008,P009,weekly,2018-01-15,402.0,379.0,370.0,532.02,412.5,376.19,411.95
S008,P009,weekly,2018-01-22,402.0,379.0,374.0,532.69,416.21,378.25,413.69
S008,P009,weekly,2018-01-29,402.0,379.0,354.0,533.37,420.6,378.77,411.29
S008,P009,weekly,2018-02-05,402.0,379.0,417.0,534.05,435.9,385.18,425.52
S008,P009,weekly,2018-02-12,402.0,379.0,399.0,534.72,441.48,387.76,423.99
S008,P009,weekly,2018-02-19,402.0,379.0,379.0,535.4,447.54,387.5,421.74
S008,P010,weekly,2018-01-01,515.0,523.75,482.0,749.1,575.39,503.37,558.1
S008,P010,weekly,2018-01-08,515.0,523.75,469.0,750.02,574.99,503.88,556.11
S008,P010,weekly,2018-01-15,515.0,523.75,485.0,750.94,575.71,503.88,559.05
S008,P010,weekly,2018-01-22,515.0,523.75,460.0,751.86,577.49,507.64,555.96
S008,P010,weekly,2018-01-29,515.0,523.75,509.0,752.78,580.29,519.94,566.79
S008,P010,weekly,2018-02-05,515.0,523.75,565.0,753.7,612.44,540.27,585.03
S008,P010,weekly,2018-02-12,515.0,523.75,558.0,754.62,617.02,544.28,585.45
S008,P010,weekly,2018-02-19,515.0,523.75,530.0,755.55,622.34,545.36,582.0
S009,P001,weekly,2018-01-01,132.0,132.5,132.0,194.4,144.1,136.11,145.18
S009,P001,weekly,2018-01-08,132.0,132.5,140.0,194.64,146.11,135.88,146.86
S009,P001,weekly,2018-01-15,132.0,132.5,126.0,194.88,148.28,135.4,144.84
S009,P001,weekly,2018-01-22,132.0,132.5,123.0,195.12,150.59,135.82,144.84
S009,P001,weekly,2018-01-29,132.0,132.5,124.0,195.36,152.99,135.82,145.44
S009,P001,weekly,2018-02-05,132.0,132.5,135.0,195.6,156.19,137.25,148.09
S009,P001,weekly,2018-02-12,132.0,132.5,156.0,195.83,158.66,144.86,153.31
S009,P001,weekly,2018-02-19,132.0,132.5,151.0,196.07,161.1,147.64,153.39
S009,P002,weekly,2018-01-01,386.0,372.25,320.0,510.92,391.85,356.24,389.54
S009,P002,weekly,2018-01-08,386.0,372.25,347.0,511.52,393.89,356.24,394.48
S009,P002,weekly,2018-01-15,386.0,372.25,314.0,512.12,396.57,356.24,389.53
S009,P002,weekly,2018-01-22,386.0,372.25,328.0,512.72,399.86,355.46,392.38
S009,P002,weekly,2018-01-29,386.0,372.25,360.0,513.32,403.69,363.23,399.75
S009,P002,weekly,2018-02-05,386.0,372.25,351.0,513.92,419.14,366.32,401.44
S009,P002,weekly,2018-02-12,386.0,372.25,375.0,514.52,423.89,379.85,408.59
S009,P002,weekly,2018-02-19,386.0,372.25,371.0,515.12,429.0,383.22,409.43
S009,P003,weekly,2018-01-01,222.0,233.25,204.0,317.88,243.31,227.77,241.37
S009,P003,weekly,2018-01-08,222.0,233.25,211.0,318.25,243.26,227.95,242.62
S009,P003,weekly,2018-01-15,222.0,233.25,218.0,318.61,243.56,228.47,243.98
S009,P003,weekly,2018-01-22,222.0,233.25,212.0,318.98,244.23,229.26,243.29
S009,P003,weekly,2018-01-29,222.0,233.25,212.0,319.35,245.26,230.53,243.73
S009,P003,weekly,2018-02-05,222.0,233.25,251.0,319.72,260.88,234.1,253.49
S009,P003,weekly,2018-02-12,222.0,233.25,253.0,320.09,262.59,236.33,254.54
S009,P003,weekly,2018-02-19,222.0,233.25,222.0,320.46,264.62,236.69,249.84
S009,P004,weekly,2018-01-01,137.0,140.75,118.0,191.12,141.34,123.06,141.88
S009,P004,weekly,2018-01-08,137.0,140.75,108.0,191.34,142.19,122.84,140.35
S009,P004,weekly,2018-01-15,137.0,140.75,133.0,191.57,143.34,124.4,145.01
S009,P004,weekly,2018-01-22,137.0,140.75,110.0,191.79,144.79,125.4,141.62
S009,P004,weekly,2018-01-29,137.0,140.75,131.0,192.01,146.51,128.0,145.88
S009,P004,weekly,2018-02-05,137.0,140.75,128.0,192.23,152.8,128.12,146.48
S009,P004,weekly,2018-02-12,137.0,140.75,118.0,192.46,154.97,127.98,145.19
S009,P004,weekly,2018-02-19,137.0,140.75,110.0,192.68,157.32,133.35,145.18
S009,P005,weekly,2018-01-01,123.0,118.25,96.0,159.39,119.46,111.09,121.2
S009,P005,weekly,2018-01-08,123.0,118.25,104.0,159.58,121.16,112.73,123.12
S009,P005,weekly,2018-01-15,123.0,118.25,118.0,159.77,123.06,116.1,126.36
S009,P005,weekly,2018-01-22,123.0,118.25,115.0,159.96,125.15,117.59,126.49
S009,P005,weekly,2018-01-29,123.0,118.25,117.0,160.14,127.43,119.49,127.55
S009,P005,weekly,2018-02-05,123.0,118.25,125.0,160.33,130.44,120.61,129.6
S009,P005,weekly,2018-02-12,123.0,118.25,123.0,160.52,133.06,119.94,129.63
S009,P005,weekly,2018-02-19,123.0,118.25,117.0,160.71,135.83,121.98,129.46
S009,P006,weekly,2018-01-01,350.0,367.0,331.0,511.83,392.17,346.74,383.12
S009,P006,weekly,2018-01-08,350.0,367.0,295.0,512.46,394.69,346.74,377.65
S009,P006,weekly,2018-01-15,350.0,367.0,340.0,513.08,397.94,351.17,386.53
S009,P006,weekly,2018-01-22,350.0,367.0,338.0,513.71,401.89,357.86,388.08
S009,P006,weekly,2018-01-29,350.0,367.0,344.0,514.34,406.51,361.93,390.63
S009,P006,weekly,2018-02-05,350.0,367.0,348.0,514.97,416.7,364.62,393.55
S009,P006,weekly,2018-02-12,350.0,367.0,385.0,515.59,422.49,374.69,402.46
S009,P006,weekly,2018-02-19,350.0,367.0,383.0,516.22,428.77,382.03,404.5
S009,P007,weekly,2018-01-01,393.0,374.0,341.0,512.6,385.23,363.59,394.9
S009,P007,weekly,2018-01-08,393.0,374.0,331.0,513.21,388.17,363.59,393.83
S009,P007,weekly,2018-01-15,393.0,374.0,324.0,513.82,391.77,363.59,393.36
S009,P007,weekly,2018-01-22,393.0,374.0,310.0,514.43,395.99,363.92,391.89
S009,P007,weekly,2018-01-29,393.0,374.0,362.0,515.04,400.77,367.45,402.04
S009,P007,weekly,2018-02-05,393.0,374.0,350.0,515.65,418.15,372.02,403.8
S009,P007,weekly,2018-02-12,393.0,374.0,379.0,516.27,423.85,374.77,410.15
S009,P007,weekly,2018-02-19,393.0,374.0,400.0,516.88,429.89,381.02,415.8
S009,P008,weekly,2018-01-01,468.0,483.5,450.0,677.36,517.49,462.88,509.87
S009,P008,weekly,2018-01-08,468.0,483.5,435.0,678.19,519.3,462.48,507.75
S009,P008,weekly,2018-01-15,468.0,483.5,427.0,679.02,522.02,461.67,506.87
S009,P008,weekly,2018-01-22,468.0,483.5,440.0,679.85,525.6,463.56,510.08
S009,P008,weekly,2018-01-29,468.0,483.5,470.0,680.68,530.0,469.39,516.93
S009,P008,weekly,2018-02-05,468.0,483.5,496.0,681.51,550.36,474.86,525.71
S009,P008,weekly,2018-02-12,468.0,483.5,489.0,682.34,556.18,475.09,525.69
S009,P008,weekly,2018-02-19,468.0,483.5,467.0,683.17,562.59,473.86,523.02
S009,P009,weekly,2018-01-01,343.0,321.25,278.0,448.16,344.0,308.46,340.48
S009,P009,weekly,2018-01-08,343.0,321.25,296.0,448.69,347.06,308.46,344.08
S009,P009,weekly,2018-01-15,343.0,321.25,307.0,449.22,350.44,309.98,346.82
S009,P009,weekly,2018-01-22,343.0,321.25,282.0,449.75,354.09,310.36,343.41
S009,P009,weekly,2018-01-29,343.0,321.25,298.0,450.28,357.94,312.33,347.14
S009,P009,weekly,2018-02-05,343.0,321.25,341.0,450.82,366.71,322.3,357.51
S009,P009,weekly,2018-02-12,343.0,321.25,320.0,451.35,370.81,329.05,355.91
S009,P009,weekly,2018-02-19,343.0,321.25,324.0,451.88,374.94,335.31,358.4
S009,P010,weekly,2018-01-01,453.0,466.5,383.0,645.14,498.85,436.94,480.57
S009,P010,weekly,2018-01-08,453.0,466.5,392.0,645.94,501.05,439.37,482.98
S009,P010,weekly,2018-01-15,453.0,466.5,441.0,646.75,504.33,452.59,494.03
S009,P010,weekly,2018-01-22,453.0,466.5,443.0,647.56,508.66,459.91,496.44
S009,P010,weekly,2018-01-29,453.0,466.5,466.0,648.36,513.99,462.23,501.68
S009,P010,weekly,2018-02-05,453.0,466.5,463.0,649.17,528.93,468.31,504.82
S009,P010,weekly,2018-02-12,453.0,466.5,492.0,649.98,536.02,471.52,511.5
S009,P010,weekly,2018-02-19,453.0,466.5,471.0,650.79,543.86,474.77,509.99
S010,P001,weekly,2018-01-01,133.0,138.75,126.0,204.63,157.33,134.7,149.07
S010,P001,weekly,2018-01-08,133.0,138.75,141.0,204.87,157.36,134.78,151.63
S010,P001,weekly,2018-01-15,133.0,138.75,120.0,205.11,157.74,132.69,147.88
S010,P001,weekly,2018-01-22,133.0,138.75,109.0,205.36,158.44,131.45,146.0
S010,P001,weekly,2018-01-29,133.0,138.75,129.0,205.6,159.47,138.17,150.66
S010,P001,weekly,2018-02-05,133.0,138.75,146.0,205.84,167.0,146.22,156.13
S010,P001,weekly,2018-02-12,133.0,138.75,148.0,206.08,168.59,149.03,157.24
S010,P001,weekly,2018-02-19,133.0,138.75,157.0,206.32,170.44,157.28,160.47
S010,P002,weekly,2018-01-01,362.0,385.5,341.0,545.96,422.09,373.3,404.98
S010,P002,weekly,2018-01-08,362.0,385.5,374.0,546.63,425.32,373.89,411.22
S010,P002,weekly,2018-01-15,362.0,385.5,353.0,547.29,429.07,374.7,408.59
S010,P002,weekly,2018-01-22,362.0,385.5,368.0,547.96,433.28,375.95,412.12
S010,P002,weekly,2018-01-29,362.0,385.5,396.0,548.63,437.92,379.38,418.24
S010,P002,weekly,2018-02-05,362.0,385.5,380.0,549.29,450.49,381.06,418.06
S010,P002,weekly,2018-02-12,362.0,385.5,384.0,549.96,455.77,382.54,419.96
S010,P002,weekly,2018-02-19,362.0,385.5,392.0,550.62,461.28,398.26,424.94
S010,P003,weekly,2018-01-01,237.0,233.25,209.0,343.59,259.02,220.43,250.38
S010,P003,weekly,2018-01-08,237.0,233.25,224.0,344.02,262.38,224.89,254.26
S010,P003,weekly,2018-01-15,237.0,233.25,234.0,344.44,265.94,229.4,257.34
S010,P003,weekly,2018-01-22,237.0,233.25,248.0,344.87,269.66,232.1,260.81
S010,P003,weekly,2018-01-29,237.0,233.25,224.0,345.3,273.47,231.52,257.42
S010,P003,weekly,2018-02-05,237.0,233.25,225.0,345.73,276.78,231.05,258.13
S010,P003,weekly,2018-02-12,237.0,233.25,233.0,346.15,280.64,231.76,260.3
S010,P003,weekly,2018-02-19,237.0,233.25,223.0,346.58,284.43,234.05,259.72
S010,P004,weekly,2018-01-01,154.0,145.25,118.0,203.99,155.02,136.94,152.2
S010,P004,weekly,2018-01-08,154.0,145.25,130.0,204.23,155.67,136.94,154.35
S010,P004,weekly,2018-01-15,154.0,145.25,152.0,204.47,156.74,139.38,158.64
S010,P004,weekly,2018-01-22,154.0,145.25,115.0,204.7,158.21,139.59,152.79
S010,P004,weekly,2018-01-29,154.0,145.25,143.0,204.94,160.07,142.37,158.27
S010,P004,weekly,2018-02-05,154.0,145.25,141.0,205.18,165.38,144.9,159.28
S010,P004,weekly,2018-02-12,154.0,145.25,150.0,205.41,167.95,146.9,161.59
S010,P004,weekly,2018-02-19,154.0,145.25,146.0,205.65,170.84,148.6,161.72
S010,P005,weekly,2018-01-01,119.0,126.75,124.0,172.8,130.53,120.27,132.22
S010,P005,weekly,2018-01-08,119.0,126.75,118.0,173.02,131.07,119.9,131.29
S010,P005,weekly,2018-01-15,119.0,126.75,120.0,173.23,131.8,120.61,131.9
S010,P005,weekly,2018-01-22,119.0,126.75,108.0,173.45,132.74,121.11,130.17
S010,P005,weekly,2018-01-29,119.0,126.75,120.0,173.67,133.86,122.9,132.7
S010,P005,weekly,2018-02-05,119.0,126.75,117.0,173.88,142.45,125.67,134.13
S010,P005,weekly,2018-02-12,119.0,126.75,131.0,174.1,143.96,128.47,137.21
S010,P005,weekly,2018-02-19,119.0,126.75,126.0,174.32,145.64,128.13,136.64
S010,P006,weekly,2018-01-01,380.0,412.25,357.0,545.8,419.73,392.32,417.85
S010,P006,weekly,2018-01-08,380.0,412.25,368.0,546.46,422.28,392.32,420.22
S010,P006,weekly,2018-01-15,380.0,412.25,366.0,547.13,425.87,392.32,420.6
S010,P006,weekly,2018-01-22,380.0,412.25,368.0,547.79,430.48,392.32,421.81
S010,P006,weekly,2018-01-29,380.0,412.25,383.0,548.45,436.06,392.82,425.43
S010,P006,weekly,2018-02-05,380.0,412.25,369.0,549.11,443.91,393.54,424.63
S010,P006,weekly,2018-02-12,380.0,412.25,351.0,549.78,451.24,395.57,423.31
S010,P006,weekly,2018-02-19,380.0,412.25,393.0,550.44,459.33,397.61,432.11
S010,P007,weekly,2018-01-01,360.0,386.5,354.0,545.67,412.91,367.85,404.49
S010,P007,weekly,2018-01-08,360.0,386.5,352.0,546.32,416.65,368.35,404.97
S010,P007,weekly,2018-01-15,360.0,386.5,357.0,546.97,421.06,372.82,407.39
S010,P007,weekly,2018-01-22,360.0,386.5,359.0,547.62,426.08,372.82,408.67
S010,P007,weekly,2018-01-29,360.0,386.5,347.0,548.27,431.65,372.82,407.71
S010,P007,weekly,2018-02-05,360.0,386.5,377.0,548.92,440.78,374.68,414.65
S010,P007,weekly,2018-02-12,360.0,386.5,367.0,549.57,447.2,375.08,414.23
S010,P007,weekly,2018-02-19,360.0,386.5,386.0,550.22,453.9,386.12,420.46
S010,P008,weekly,2018-01-01,501.0,507.75,455.0,716.66,542.21,474.51,532.86
S010,P008,weekly,2018-01-08,501.0,507.75,464.0,717.53,548.88,474.16,535.55
S010,P008,weekly,2018-01-15,501.0,507.75,427.0,718.4,556.2,474.4,530.79
S010,P008,weekly,2018-01-22,501.0,507.75,476.0,719.27,564.08,485.93,542.34
S010,P008,weekly,2018-01-29,501.0,507.75,469.0,720.14,572.48,487.95,543.05
S010,P008,weekly,2018-02-05,501.0,507.75,499.0,721.01,584.82,498.2,551.96
S010,P008,weekly,2018-02-12,501.0,507.75,493.0,721.87,593.98,498.2,552.63
S010,P008,weekly,2018-02-19,501.0,507.75,530.0,722.74,603.38,507.06,561.99
S010,P009,weekly,2018-01-01,333.0,330.25,298.0,478.05,365.21,325.63,355.02
S010,P009,weekly,2018-01-08,333.0,330.25,314.0,478.6,367.78,324.9,358.09
S010,P009,weekly,2018-01-15,333.0,330.25,313.0,479.16,371.24,324.9,358.59
S010,P009,weekly,2018-01-22,333.0,330.25,322.0,479.72,375.55,326.51,361.17
S010,P009,weekly,2018-01-29,333.0,330.25,330.0,480.28,380.66,326.93,363.52
S010,P009,weekly,2018-02-05,333.0,330.25,325.0,480.84,387.1,327.89,364.01
S010,P009,weekly,2018-02-12,333.0,330.25,324.0,481.39,393.62,327.89,365.02
S010,P009,weekly,2018-02-19,333.0,330.25,343.0,481.95,400.72,330.76,369.95
S010,P010,weekly,2018-01-01,489.0,480.25,465.0,684.02,526.08,468.76,518.85
S010,P010,weekly,2018-01-08,489.0,480.25,439.0,684.85,529.63,468.76,515.25
S010,P010,weekly,2018-01-15,489.0,480.25,440.0,685.68,533.94,468.76,516.27
S010,P010,weekly,2018-01-22,489.0,480.25,423.0,686.51,538.94,468.65,514.39
S010,P010,weekly,2018-01-29,489.0,480.25,454.0,687.34,544.6,472.68,521.31
S010,P010,weekly,2018-02-05,489.0,480.25,469.0,688.16,561.03,478.94,527.73
S010,P010,weekly,2018-02-12,489.0,480.25,500.0,688.99,567.79,483.49,534.92
S010,P010,weekly,2018-02-19,489.0,480.25,488.0,689.82,574.99,485.65,534.62
