Store_id,Product_id,Forecast_Frequency,Backtest_Date,Actual_Sales,Naive_Backtest,Moving_Average_Backtest,Seasonal_Naive_Backtest,Trend_Backtest,Linear_Regression_Backtest,Random_Forest_Backtest,Enhanced_Ensemble_Backtest,Ensemble_Absolute_Error,Ensemble_Percent_Error,Backtest_Horizon,Run_Timestamp
S001,P001,weekly,2017-11-06,145.0,158.0,156.5,164.0,168.56,148.01,155.82,158.48,13.48,9.3,8,2026-06-05 09:13:59.775238
S001,P001,weekly,2017-11-13,167.0,158.0,156.5,157.0,168.78,147.03,154.59,156.99,10.01,6.0,8,2026-06-05 09:13:59.775238
S001,P001,weekly,2017-11-20,177.0,158.0,156.5,136.0,169.01,146.34,151.85,152.95,24.05,13.59,8,2026-06-05 09:13:59.775238
S001,P001,weekly,2017-11-27,133.0,158.0,156.5,135.0,169.24,145.95,150.75,152.57,19.57,14.72,8,2026-06-05 09:13:59.775238
S001,P001,weekly,2017-12-04,126.0,158.0,156.5,94.0,169.46,138.52,112.84,138.22,12.22,9.7,8,2026-06-05 09:13:59.775238
S001,P001,weekly,2017-12-11,117.0,158.0,156.5,113.0,169.69,138.78,114.29,141.71,24.71,21.12,8,2026-06-05 09:13:59.775238
S001,P001,weekly,2017-12-18,97.0,158.0,156.5,121.0,169.91,139.4,115.77,143.43,46.43,47.87,8,2026-06-05 09:13:59.775238
S001,P001,weekly,2017-12-25,127.0,158.0,156.5,120.0,170.14,140.36,115.39,143.4,16.4,12.91,8,2026-06-05 09:13:59.775238
S001,P002,weekly,2017-11-06,460.0,450.0,408.75,450.0,445.32,389.27,417.57,426.82,33.18,7.21,8,2026-06-05 09:13:59.775238
S001,P002,weekly,2017-11-13,452.0,450.0,408.75,421.0,445.9,387.52,410.71,420.65,31.35,6.94,8,2026-06-05 09:13:59.775238
S001,P002,weekly,2017-11-20,442.0,450.0,408.75,393.0,446.49,386.02,402.51,414.46,27.54,6.23,8,2026-06-05 09:13:59.775238
S001,P002,weekly,2017-11-27,440.0,450.0,408.75,329.0,447.07,384.83,374.49,399.02,40.98,9.31,8,2026-06-05 09:13:59.775238
S001,P002,weekly,2017-12-04,319.0,450.0,408.75,289.0,447.65,370.57,293.32,376.55,57.55,18.04,8,2026-06-05 09:13:59.775238
S001,P002,weekly,2017-12-11,327.0,450.0,408.75,311.0,448.23,370.08,291.57,379.94,52.94,16.19,8,2026-06-05 09:13:59.775238
S001,P002,weekly,2017-12-18,292.0,450.0,408.75,311.0,448.82,370.0,291.1,379.95,87.95,30.12,8,2026-06-05 09:13:59.775238
S001,P002,weekly,2017-12-25,358.0,450.0,408.75,289.0,449.4,370.35,290.31,376.3,18.3,5.11,8,2026-06-05 09:13:59.775238
S001,P003,weekly,2017-11-06,263.0,279.0,259.75,264.0,280.05,246.35,263.89,265.51,2.51,0.95,8,2026-06-05 09:13:59.775238
S001,P003,weekly,2017-11-13,260.0,279.0,259.75,265.0,280.42,244.27,264.1,265.42,5.42,2.09,8,2026-06-05 09:13:59.775238
S001,P003,weekly,2017-11-20,275.0,279.0,259.75,278.0,280.8,242.53,261.36,266.91,8.09,2.94,8,2026-06-05 09:13:59.775238
S001,P003,weekly,2017-11-27,227.0,279.0,259.75,202.0,281.17,241.16,223.46,247.76,20.76,9.14,8,2026-06-05 09:13:59.775238
S001,P003,weekly,2017-12-04,209.0,279.0,259.75,206.0,281.55,233.41,189.69,241.57,32.57,15.58,8,2026-06-05 09:13:59.775238
S001,P003,weekly,2017-12-11,207.0,279.0,259.75,165.0,281.92,232.81,185.55,234.0,27.0,13.05,8,2026-06-05 09:13:59.775238
S001,P003,weekly,2017-12-18,177.0,279.0,259.75,196.0,282.29,232.61,185.27,239.15,62.15,35.11,8,2026-06-05 09:13:59.775238
S001,P003,weekly,2017-12-25,185.0,279.0,259.75,191.0,282.67,232.8,184.13,238.22,53.22,28.77,8,2026-06-05 09:13:59.775238
S001,P004,weekly,2017-11-06,177.0,130.0,152.75,161.0,167.12,149.42,147.11,151.23,25.77,14.56,8,2026-06-05 09:13:59.775238
S001,P004,weekly,2017-11-13,166.0,130.0,152.75,149.0,167.34,147.02,147.18,148.88,17.12,10.31,8,2026-06-05 09:13:59.775238
S001,P004,weekly,2017-11-20,177.0,130.0,152.75,141.0,167.55,145.07,145.49,146.98,30.02,16.96,8,2026-06-05 09:13:59.775238
S001,P004,weekly,2017-11-27,132.0,130.0,152.75,159.0,167.77,143.58,143.92,149.5,17.5,13.26,8,2026-06-05 09:13:59.775238
S001,P004,weekly,2017-12-04,108.0,130.0,152.75,122.0,167.98,142.44,122.21,139.56,31.56,29.23,8,2026-06-05 09:13:59.775238
S001,P004,weekly,2017-12-11,104.0,130.0,152.75,120.0,168.2,141.96,120.44,138.89,34.89,33.55,8,2026-06-05 09:13:59.775238
S001,P004,weekly,2017-12-18,110.0,130.0,152.75,124.0,168.42,142.0,119.96,139.52,29.52,26.84,8,2026-06-05 09:13:59.775238
S001,P004,weekly,2017-12-25,121.0,130.0,152.75,120.0,168.63,142.55,119.88,138.97,17.97,14.85,8,2026-06-05 09:13:59.775238
S001,P005,weekly,2017-11-06,131.0,124.0,126.5,126.0,140.78,121.5,128.35,127.85,3.15,2.4,8,2026-06-05 09:13:59.775238
S001,P005,weekly,2017-11-13,131.0,124.0,126.5,115.0,140.97,122.0,126.72,125.86,5.14,3.92,8,2026-06-05 09:13:59.775238
S001,P005,weekly,2017-11-20,153.0,124.0,126.5,133.0,141.16,122.76,127.26,129.11,23.89,15.61,8,2026-06-05 09:13:59.775238
S001,P005,weekly,2017-11-27,117.0,124.0,126.5,130.0,141.35,123.77,126.54,128.69,11.69,9.99,8,2026-06-05 09:13:59.775238
S001,P005,weekly,2017-12-04,92.0,124.0,126.5,102.0,141.55,114.87,101.75,118.44,26.44,28.74,8,2026-06-05 09:13:59.775238
S001,P005,weekly,2017-12-11,111.0,124.0,126.5,84.0,141.74,116.39,97.46,115.02,4.02,3.62,8,2026-06-05 09:13:59.775238
S001,P005,weekly,2017-12-18,84.0,124.0,126.5,95.0,141.93,118.16,97.79,117.23,33.23,39.56,8,2026-06-05 09:13:59.775238
S001,P005,weekly,2017-12-25,99.0,124.0,126.5,111.0,142.13,120.15,100.61,120.73,21.73,21.95,8,2026-06-05 09:13:59.775238
S001,P006,weekly,2017-11-06,490.0,443.0,404.0,383.0,444.97,387.14,415.33,412.91,77.09,15.73,8,2026-06-05 09:13:59.775238
S001,P006,weekly,2017-11-13,437.0,443.0,404.0,416.0,445.56,386.62,414.6,418.3,18.7,4.28,8,2026-06-05 09:13:59.775238
S001,P006,weekly,2017-11-20,434.0,443.0,404.0,464.0,446.14,386.81,423.32,427.88,6.12,1.41,8,2026-06-05 09:13:59.775238
S001,P006,weekly,2017-11-27,406.0,443.0,404.0,351.0,446.73,387.75,379.11,401.93,4.07,1.0,8,2026-06-05 09:13:59.775238
S001,P006,weekly,2017-12-04,345.0,443.0,404.0,307.0,447.31,363.06,308.49,378.81,33.81,9.8,8,2026-06-05 09:13:59.775238
S001,P006,weekly,2017-12-11,350.0,443.0,404.0,291.0,447.89,365.53,306.05,376.25,26.25,7.5,8,2026-06-05 09:13:59.775238
S001,P006,weekly,2017-12-18,314.0,443.0,404.0,340.0,448.48,368.76,306.23,385.08,71.08,22.64,8,2026-06-05 09:13:59.775238
S001,P006,weekly,2017-12-25,309.0,443.0,404.0,301.0,449.06,372.76,305.45,379.21,70.21,22.72,8,2026-06-05 09:13:59.775238
S001,P007,weekly,2017-11-06,412.0,418.0,419.25,414.0,441.07,382.82,415.17,415.05,3.05,0.74,8,2026-06-05 09:13:59.775238
S001,P007,weekly,2017-11-13,449.0,418.0,419.25,433.0,441.63,382.16,416.0,418.34,30.66,6.83,8,2026-06-05 09:13:59.775238
S001,P007,weekly,2017-11-20,455.0,418.0,419.25,399.0,442.2,382.06,416.0,412.75,42.25,9.29,8,2026-06-05 09:13:59.775238
S001,P007,weekly,2017-11-27,365.0,418.0,419.25,348.0,442.76,382.54,379.17,398.29,33.29,9.12,8,2026-06-05 09:13:59.775238
S001,P007,weekly,2017-12-04,326.0,418.0,419.25,287.0,443.32,361.98,297.91,371.24,45.24,13.88,8,2026-06-05 09:13:59.775238
S001,P007,weekly,2017-12-11,290.0,418.0,419.25,315.0,443.89,363.7,293.06,375.48,85.48,29.48,8,2026-06-05 09:13:59.775238
S001,P007,weekly,2017-12-18,300.0,418.0,419.25,284.0,444.45,366.04,290.91,370.44,70.44,23.48,8,2026-06-05 09:13:59.775238
S001,P007,weekly,2017-12-25,331.0,418.0,419.25,287.0,445.02,369.01,290.46,371.46,40.46,12.22,8,2026-06-05 09:13:59.775238
S001,P008,weekly,2017-11-06,597.0,568.0,550.25,516.0,584.44,511.49,549.21,546.56,50.44,8.45,8,2026-06-05 09:13:59.775238
S001,P008,weekly,2017-11-13,554.0,568.0,550.25,526.0,585.22,511.78,549.21,548.41,5.59,1.01,8,2026-06-05 09:13:59.775238
S001,P008,weekly,2017-11-20,578.0,568.0,550.25,543.0,585.99,512.73,549.21,551.53,26.47,4.58,8,2026-06-05 09:13:59.775238
S001,P008,weekly,2017-11-27,469.0,568.0,550.25,497.0,586.77,514.33,538.66,542.5,73.5,15.67,8,2026-06-05 09:13:59.775238
S001,P008,weekly,2017-12-04,414.0,568.0,550.25,415.0,587.54,490.0,406.77,502.93,88.93,21.48,8,2026-06-05 09:13:59.775238
S001,P008,weekly,2017-12-11,435.0,568.0,550.25,428.0,588.32,492.85,405.11,505.42,70.42,16.19,8,2026-06-05 09:13:59.775238
S001,P008,weekly,2017-12-18,433.0,568.0,550.25,416.0,589.09,496.29,405.3,504.15,71.15,16.43,8,2026-06-05 09:13:59.775238
S001,P008,weekly,2017-12-25,405.0,568.0,550.25,392.0,589.86,500.27,406.16,501.09,96.09,23.73,8,2026-06-05 09:13:59.775238
S001,P009,weekly,2017-11-06,364.0,369.0,350.0,355.0,390.29,336.46,348.58,358.22,5.78,1.59,8,2026-06-05 09:13:59.775238
S001,P009,weekly,2017-11-13,366.0,369.0,350.0,362.0,390.79,336.76,347.26,359.3,6.7,1.83,8,2026-06-05 09:13:59.775238
S001,P009,weekly,2017-11-20,378.0,369.0,350.0,369.0,391.3,337.7,345.94,360.49,17.51,4.63,8,2026-06-05 09:13:59.775238
S001,P009,weekly,2017-11-27,355.0,369.0,350.0,303.0,391.81,339.26,338.6,348.61,6.39,1.8,8,2026-06-05 09:13:59.775238
S001,P009,weekly,2017-12-04,263.0,369.0,350.0,250.0,392.32,315.02,265.25,323.6,60.6,23.04,8,2026-06-05 09:13:59.775238
S001,P009,weekly,2017-12-11,273.0,369.0,350.0,248.0,392.83,317.8,264.32,323.66,50.66,18.56,8,2026-06-05 09:13:59.775238
S001,P009,weekly,2017-12-18,252.0,369.0,350.0,267.0,393.34,321.14,264.32,327.47,75.47,29.95,8,2026-06-05 09:13:59.775238
S001,P009,weekly,2017-12-25,269.0,369.0,350.0,238.0,393.85,325.02,263.42,323.21,54.21,20.15,8,2026-06-05 09:13:59.775238
S001,P010,weekly,2017-11-06,575.0,567.0,509.5,544.0,558.54,489.89,532.84,533.63,41.37,7.2,8,2026-06-05 09:13:59.775238
S001,P010,weekly,2017-11-13,575.0,567.0,509.5,518.0,559.28,488.27,532.84,529.15,45.85,7.97,8,2026-06-05 09:13:59.775238
S001,P010,weekly,2017-11-20,553.0,567.0,509.5,541.0,560.03,487.29,531.56,532.73,20.27,3.67,8,2026-06-05 09:13:59.775238
S001,P010,weekly,2017-11-27,514.0,567.0,509.5,446.0,560.77,486.97,503.71,512.32,1.68,0.33,8,2026-06-05 09:13:59.775238
S001,P010,weekly,2017-12-04,384.0,567.0,509.5,336.0,561.52,461.26,376.29,468.59,84.59,22.03,8,2026-06-05 09:13:59.775238
S001,P010,weekly,2017-12-11,371.0,567.0,509.5,387.0,562.27,462.23,378.19,477.7,106.7,28.76,8,2026-06-05 09:13:59.775238
S001,P010,weekly,2017-12-18,426.0,567.0,509.5,386.0,563.01,463.83,378.19,477.92,51.92,12.19,8,2026-06-05 09:13:59.775238
S001,P010,weekly,2017-12-25,418.0,567.0,509.5,360.0,563.76,466.02,377.69,473.99,55.99,13.4,8,2026-06-05 09:13:59.775238
S002,P001,weekly,2017-11-06,216.0,241.0,229.0,218.0,238.36,210.03,228.25,227.44,11.44,5.3,8,2026-06-05 09:13:59.775238
S002,P001,weekly,2017-11-13,224.0,241.0,229.0,203.0,238.69,209.04,225.55,224.38,0.38,0.17,8,2026-06-05 09:13:59.775238
S002,P001,weekly,2017-11-20,250.0,241.0,229.0,232.0,239.01,208.49,225.86,229.23,20.77,8.31,8,2026-06-05 09:13:59.775238
S002,P001,weekly,2017-11-27,195.0,241.0,229.0,173.0,239.33,208.38,205.4,216.02,21.02,10.78,8,2026-06-05 09:13:59.775238
S002,P001,weekly,2017-12-04,142.0,241.0,229.0,179.0,239.65,197.09,168.89,209.11,67.11,47.26,8,2026-06-05 09:13:59.775238
S002,P001,weekly,2017-12-11,177.0,241.0,229.0,151.0,239.98,197.85,166.55,204.23,27.23,15.38,8,2026-06-05 09:13:59.775238
S002,P001,weekly,2017-12-18,150.0,241.0,229.0,151.0,240.3,199.03,166.55,204.48,54.48,36.32,8,2026-06-05 09:13:59.775238
S002,P001,weekly,2017-12-25,156.0,241.0,229.0,181.0,240.62,200.6,168.85,210.18,54.18,34.73,8,2026-06-05 09:13:59.775238
S002,P002,weekly,2017-11-06,625.0,588.0,585.0,599.0,631.9,559.45,579.37,590.45,34.55,5.53,8,2026-06-05 09:13:59.775238
S002,P002,weekly,2017-11-13,606.0,588.0,585.0,634.0,632.73,555.67,575.8,595.2,10.8,1.78,8,2026-06-05 09:13:59.775238
S002,P002,weekly,2017-11-20,630.0,588.0,585.0,567.0,633.55,552.61,571.8,582.99,47.01,7.46,8,2026-06-05 09:13:59.775238
S002,P002,weekly,2017-11-27,523.0,588.0,585.0,509.0,634.38,550.31,536.26,567.16,44.16,8.44,8,2026-06-05 09:13:59.775238
S002,P002,weekly,2017-12-04,464.0,588.0,585.0,428.0,635.2,534.21,423.61,532.34,68.34,14.73,8,2026-06-05 09:13:59.775238
S002,P002,weekly,2017-12-11,434.0,588.0,585.0,413.0,636.02,533.62,419.88,529.25,95.25,21.95,8,2026-06-05 09:13:59.775238
S002,P002,weekly,2017-12-18,406.0,588.0,585.0,401.0,636.85,533.93,419.14,527.32,121.32,29.88,8,2026-06-05 09:13:59.775238
S002,P002,weekly,2017-12-25,474.0,588.0,585.0,391.0,637.67,535.16,418.26,525.85,51.85,10.94,8,2026-06-05 09:13:59.775238
S002,P003,weekly,2017-11-06,407.0,389.0,371.75,390.0,395.87,345.81,379.05,378.58,28.42,6.98,8,2026-06-05 09:13:59.775238
S002,P003,weekly,2017-11-13,424.0,389.0,371.75,406.0,396.4,345.19,380.81,381.53,42.47,10.02,8,2026-06-05 09:13:59.775238
S002,P003,weekly,2017-11-20,406.0,389.0,371.75,399.0,396.93,345.18,377.14,379.83,26.17,6.44,8,2026-06-05 09:13:59.775238
S002,P003,weekly,2017-11-27,369.0,389.0,371.75,305.0,397.47,345.8,335.99,357.5,11.5,3.12,8,2026-06-05 09:13:59.775238
S002,P003,weekly,2017-12-04,275.0,389.0,371.75,276.0,398.0,326.34,282.62,340.62,65.62,23.86,8,2026-06-05 09:13:59.775238
S002,P003,weekly,2017-12-11,336.0,389.0,371.75,271.0,398.53,328.22,282.62,340.19,4.19,1.25,8,2026-06-05 09:13:59.775238
S002,P003,weekly,2017-12-18,297.0,389.0,371.75,277.0,399.07,330.72,282.05,341.6,44.6,15.02,8,2026-06-05 09:13:59.775238
S002,P003,weekly,2017-12-25,273.0,389.0,371.75,281.0,399.6,333.82,282.25,342.9,69.9,25.61,8,2026-06-05 09:13:59.775238
S002,P004,weekly,2017-11-06,224.0,224.0,222.25,249.0,237.33,209.81,220.99,227.23,3.23,1.44,8,2026-06-05 09:13:59.775238
S002,P004,weekly,2017-11-13,245.0,224.0,222.25,224.0,237.65,206.47,216.81,221.86,23.14,9.44,8,2026-06-05 09:13:59.775238
S002,P004,weekly,2017-11-20,234.0,224.0,222.25,221.0,237.96,203.42,215.03,220.61,13.39,5.72,8,2026-06-05 09:13:59.775238
S002,P004,weekly,2017-11-27,217.0,224.0,222.25,173.0,238.28,200.7,186.95,207.53,9.47,4.36,8,2026-06-05 09:13:59.775238
S002,P004,weekly,2017-12-04,173.0,224.0,222.25,160.0,238.59,200.9,167.78,202.25,29.25,16.91,8,2026-06-05 09:13:59.775238
S002,P004,weekly,2017-12-11,157.0,224.0,222.25,177.0,238.91,198.97,167.27,204.73,47.73,30.4,8,2026-06-05 09:13:59.775238
S002,P004,weekly,2017-12-18,185.0,224.0,222.25,161.0,239.22,197.49,165.64,201.6,16.6,8.97,8,2026-06-05 09:13:59.775238
S002,P004,weekly,2017-12-25,174.0,224.0,222.25,167.0,239.53,196.49,165.32,202.43,28.43,16.34,8,2026-06-05 09:13:59.775238
S002,P005,weekly,2017-11-06,197.0,190.0,178.25,210.0,198.18,171.05,186.97,189.07,7.93,4.02,8,2026-06-05 09:13:59.775238
S002,P005,weekly,2017-11-13,194.0,190.0,178.25,195.0,198.44,171.73,184.89,186.39,7.61,3.92,8,2026-06-05 09:13:59.775238
S002,P005,weekly,2017-11-20,189.0,190.0,178.25,196.0,198.71,172.81,183.76,186.59,2.41,1.28,8,2026-06-05 09:13:59.775238
S002,P005,weekly,2017-11-27,182.0,190.0,178.25,149.0,198.97,174.3,160.15,175.11,6.89,3.78,8,2026-06-05 09:13:59.775238
S002,P005,weekly,2017-12-04,157.0,190.0,178.25,134.0,199.24,162.31,137.82,166.94,9.94,6.33,8,2026-06-05 09:13:59.775238
S002,P005,weekly,2017-12-11,143.0,190.0,178.25,118.0,199.5,164.6,136.54,164.48,21.48,15.02,8,2026-06-05 09:13:59.775238
S002,P005,weekly,2017-12-18,127.0,190.0,178.25,129.0,199.76,167.27,136.31,166.76,39.76,31.31,8,2026-06-05 09:13:59.775238
S002,P005,weekly,2017-12-25,150.0,190.0,178.25,149.0,200.03,170.3,136.31,170.65,20.65,13.77,8,2026-06-05 09:13:59.775238
S002,P006,weekly,2017-11-06,552.0,613.0,580.5,643.0,629.37,552.5,602.11,603.42,51.42,9.31,8,2026-06-05 09:13:59.775238
S002,P006,weekly,2017-11-13,644.0,613.0,580.5,644.0,630.2,551.35,599.1,603.02,40.98,6.36,8,2026-06-05 09:13:59.775238
S002,P006,weekly,2017-11-20,610.0,613.0,580.5,605.0,631.02,551.09,591.33,595.32,14.68,2.41,8,2026-06-05 09:13:59.775238
S002,P006,weekly,2017-11-27,522.0,613.0,580.5,499.0,631.85,551.74,543.39,569.91,47.91,9.18,8,2026-06-05 09:13:59.775238
S002,P006,weekly,2017-12-04,433.0,613.0,580.5,423.0,632.67,525.51,438.61,535.55,102.55,23.68,8,2026-06-05 09:13:59.775238
S002,P006,weekly,2017-12-11,483.0,613.0,580.5,438.0,633.5,528.04,435.47,538.08,55.08,11.4,8,2026-06-05 09:13:59.775238
S002,P006,weekly,2017-12-18,436.0,613.0,580.5,437.0,634.32,531.49,434.99,538.55,102.55,23.52,8,2026-06-05 09:13:59.775238
S002,P006,weekly,2017-12-25,426.0,613.0,580.5,431.0,635.14,535.84,432.43,537.99,111.99,26.29,8,2026-06-05 09:13:59.775238
S002,P007,weekly,2017-11-06,599.0,614.0,590.0,603.0,629.17,547.38,583.65,594.53,4.47,0.75,8,2026-06-05 09:13:59.775238
S002,P007,weekly,2017-11-13,650.0,614.0,590.0,636.0,629.99,544.52,583.27,599.63,50.37,7.75,8,2026-06-05 09:13:59.775238
S002,P007,weekly,2017-11-20,642.0,614.0,590.0,548.0,630.81,542.39,557.3,580.42,61.58,9.59,8,2026-06-05 09:13:59.775238
S002,P007,weekly,2017-11-27,508.0,614.0,590.0,516.0,631.63,541.01,532.07,570.78,62.78,12.36,8,2026-06-05 09:13:59.775238
S002,P007,weekly,2017-12-04,433.0,614.0,590.0,435.0,632.45,518.34,425.98,535.96,102.96,23.78,8,2026-06-05 09:13:59.775238
S002,P007,weekly,2017-12-11,425.0,614.0,590.0,439.0,633.26,518.55,422.56,536.23,111.23,26.17,8,2026-06-05 09:13:59.775238
S002,P007,weekly,2017-12-18,454.0,614.0,590.0,422.0,634.08,519.59,422.17,533.64,79.64,17.54,8,2026-06-05 09:13:59.775238
S002,P007,weekly,2017-12-25,460.0,614.0,590.0,406.0,634.9,521.43,420.09,531.07,71.07,15.45,8,2026-06-05 09:13:59.775238
S002,P008,weekly,2017-11-06,800.0,819.0,787.75,764.0,829.84,723.44,780.28,784.05,15.95,1.99,8,2026-06-05 09:13:59.775238
S002,P008,weekly,2017-11-13,790.0,819.0,787.75,799.0,830.92,723.34,777.52,789.59,0.41,0.05,8,2026-06-05 09:13:59.775238
S002,P008,weekly,2017-11-20,846.0,819.0,787.75,794.0,831.99,724.33,770.58,787.94,58.06,6.86,8,2026-06-05 09:13:59.775238
S002,P008,weekly,2017-11-27,747.0,819.0,787.75,596.0,833.07,726.42,724.29,747.75,0.75,0.1,8,2026-06-05 09:13:59.775238
S002,P008,weekly,2017-12-04,563.0,819.0,787.75,613.0,834.15,684.64,574.03,718.76,155.76,27.67,8,2026-06-05 09:13:59.775238
S002,P008,weekly,2017-12-11,592.0,819.0,787.75,596.0,835.22,688.93,563.99,715.15,123.15,20.8,8,2026-06-05 09:13:59.775238
S002,P008,weekly,2017-12-18,593.0,819.0,787.75,537.0,836.3,694.26,559.11,705.57,112.57,18.98,8,2026-06-05 09:13:59.775238
S002,P008,weekly,2017-12-25,644.0,819.0,787.75,566.0,837.37,700.61,559.11,711.64,67.64,10.5,8,2026-06-05 09:13:59.775238
S002,P009,weekly,2017-11-06,584.0,541.0,505.0,518.0,551.2,480.3,510.01,517.58,66.42,11.37,8,2026-06-05 09:13:59.775238
S002,P009,weekly,2017-11-13,565.0,541.0,505.0,543.0,551.93,478.64,509.15,521.45,43.55,7.71,8,2026-06-05 09:13:59.775238
S002,P009,weekly,2017-11-20,505.0,541.0,505.0,504.0,552.67,477.58,507.83,514.68,9.68,1.92,8,2026-06-05 09:13:59.775238
S002,P009,weekly,2017-11-27,495.0,541.0,505.0,458.0,553.4,477.17,481.71,502.71,7.71,1.56,8,2026-06-05 09:13:59.775238
S002,P009,weekly,2017-12-04,387.0,541.0,505.0,372.0,554.13,455.5,379.15,467.8,80.8,20.88,8,2026-06-05 09:13:59.775238
S002,P009,weekly,2017-12-11,391.0,541.0,505.0,361.0,554.86,456.51,371.81,465.03,74.03,18.93,8,2026-06-05 09:13:59.775238
S002,P009,weekly,2017-12-18,355.0,541.0,505.0,374.0,555.6,458.27,365.86,466.62,111.62,31.44,8,2026-06-05 09:13:59.775238
S002,P009,weekly,2017-12-25,377.0,541.0,505.0,316.0,556.33,460.79,362.16,456.88,79.88,21.19,8,2026-06-05 09:13:59.775238
S002,P010,weekly,2017-11-06,834.0,763.0,731.75,804.0,791.02,695.46,749.23,755.74,78.26,9.38,8,2026-06-05 09:13:59.775238
S002,P010,weekly,2017-11-13,737.0,763.0,731.75,719.0,792.06,691.06,741.79,739.78,2.78,0.38,8,2026-06-05 09:13:59.775238
S002,P010,weekly,2017-11-20,793.0,763.0,731.75,797.0,793.11,687.46,740.16,752.08,40.92,5.16,8,2026-06-05 09:13:59.775238
S002,P010,weekly,2017-11-27,639.0,763.0,731.75,621.0,794.15,684.77,669.48,710.69,71.69,11.22,8,2026-06-05 09:13:59.775238
S002,P010,weekly,2017-12-04,583.0,763.0,731.75,526.0,795.19,656.09,530.16,667.03,84.03,14.41,8,2026-06-05 09:13:59.775238
S002,P010,weekly,2017-12-11,578.0,763.0,731.75,490.0,796.24,655.48,529.63,661.02,83.02,14.36,8,2026-06-05 09:13:59.775238
S002,P010,weekly,2017-12-18,557.0,763.0,731.75,542.0,797.28,656.0,529.59,669.94,112.94,20.28,8,2026-06-05 09:13:59.775238
S002,P010,weekly,2017-12-25,545.0,763.0,731.75,524.0,798.33,657.71,530.32,667.52,122.52,22.48,8,2026-06-05 09:13:59.775238
S003,P001,weekly,2017-11-06,197.0,213.0,199.25,176.0,212.16,182.85,200.03,197.22,0.22,0.11,8,2026-06-05 09:13:59.775238
S003,P001,weekly,2017-11-13,208.0,213.0,199.25,197.0,212.45,184.24,200.03,200.99,7.01,3.37,8,2026-06-05 09:13:59.775238
S003,P001,weekly,2017-11-20,205.0,213.0,199.25,193.0,212.74,185.81,200.03,200.64,4.36,2.13,8,2026-06-05 09:13:59.775238
S003,P001,weekly,2017-11-27,186.0,213.0,199.25,170.0,213.03,187.57,190.26,195.52,9.52,5.12,8,2026-06-05 09:13:59.775238
S003,P001,weekly,2017-12-04,166.0,213.0,199.25,159.0,213.32,173.56,154.16,185.38,19.38,11.68,8,2026-06-05 09:13:59.775238
S003,P001,weekly,2017-12-11,165.0,213.0,199.25,151.0,213.61,175.63,150.43,183.82,18.82,11.41,8,2026-06-05 09:13:59.775238
S003,P001,weekly,2017-12-18,169.0,213.0,199.25,160.0,213.9,177.83,150.19,185.69,16.69,9.88,8,2026-06-05 09:13:59.775238
S003,P001,weekly,2017-12-25,133.0,213.0,199.25,134.0,214.19,180.13,149.58,181.69,48.69,36.61,8,2026-06-05 09:13:59.775238
S003,P002,weekly,2017-11-06,544.0,522.0,503.0,527.0,560.78,487.65,502.34,517.13,26.87,4.94,8,2026-06-05 09:13:59.775238
S003,P002,weekly,2017-11-13,548.0,522.0,503.0,486.0,561.52,485.46,500.89,509.81,38.19,6.97,8,2026-06-05 09:13:59.775238
S003,P002,weekly,2017-11-20,545.0,522.0,503.0,528.0,562.25,483.66,497.55,516.08,28.92,5.31,8,2026-06-05 09:13:59.775238
S003,P002,weekly,2017-11-27,477.0,522.0,503.0,434.0,562.98,482.26,456.14,493.4,16.4,3.44,8,2026-06-05 09:13:59.775238
S003,P002,weekly,2017-12-04,391.0,522.0,503.0,375.0,563.72,466.18,383.89,468.96,77.96,19.94,8,2026-06-05 09:13:59.775238
S003,P002,weekly,2017-12-11,394.0,522.0,503.0,381.0,564.45,465.62,382.54,469.77,75.77,19.23,8,2026-06-05 09:13:59.775238
S003,P002,weekly,2017-12-18,393.0,522.0,503.0,416.0,565.19,465.48,380.86,475.42,82.42,20.97,8,2026-06-05 09:13:59.775238
S003,P002,weekly,2017-12-25,420.0,522.0,503.0,368.0,565.92,465.76,378.85,467.26,47.26,11.25,8,2026-06-05 09:13:59.775238
S003,P003,weekly,2017-11-06,362.0,336.0,319.5,338.0,349.51,306.03,320.83,328.31,33.69,9.31,8,2026-06-05 09:13:59.775238
S003,P003,weekly,2017-11-13,335.0,336.0,319.5,322.0,349.96,303.96,316.85,324.71,10.29,3.07,8,2026-06-05 09:13:59.775238
S003,P003,weekly,2017-11-20,351.0,336.0,319.5,315.0,350.41,302.34,310.76,322.34,28.66,8.17,8,2026-06-05 09:13:59.775238
S003,P003,weekly,2017-11-27,281.0,336.0,319.5,246.0,350.87,301.19,271.36,304.15,23.15,8.24,8,2026-06-05 09:13:59.775238
S003,P003,weekly,2017-12-04,290.0,336.0,319.5,240.0,351.32,289.81,250.54,297.86,7.86,2.71,8,2026-06-05 09:13:59.775238
S003,P003,weekly,2017-12-11,240.0,336.0,319.5,226.0,351.77,289.59,249.67,295.42,55.42,23.09,8,2026-06-05 09:13:59.775238
S003,P003,weekly,2017-12-18,269.0,336.0,319.5,258.0,352.22,289.82,250.86,301.07,32.07,11.92,8,2026-06-05 09:13:59.775238
S003,P003,weekly,2017-12-25,235.0,336.0,319.5,263.0,352.67,290.48,250.86,302.09,67.09,28.55,8,2026-06-05 09:13:59.775238
S003,P004,weekly,2017-11-06,226.0,192.0,196.25,211.0,210.62,184.85,194.38,198.18,27.82,12.31,8,2026-06-05 09:13:59.775238
S003,P004,weekly,2017-11-13,196.0,192.0,196.25,190.0,210.9,182.36,193.68,194.2,1.8,0.92,8,2026-06-05 09:13:59.775238
S003,P004,weekly,2017-11-20,187.0,192.0,196.25,197.0,211.17,180.22,191.83,194.75,7.75,4.14,8,2026-06-05 09:13:59.775238
S003,P004,weekly,2017-11-27,182.0,192.0,196.25,160.0,211.45,178.46,174.73,185.48,3.48,1.91,8,2026-06-05 09:13:59.775238
S003,P004,weekly,2017-12-04,165.0,192.0,196.25,147.0,211.72,173.73,141.53,177.04,12.04,7.3,8,2026-06-05 09:13:59.775238
S003,P004,weekly,2017-12-11,139.0,192.0,196.25,145.0,211.99,172.73,141.53,176.58,37.58,27.04,8,2026-06-05 09:13:59.775238
S003,P004,weekly,2017-12-18,133.0,192.0,196.25,156.0,212.27,172.12,141.09,178.29,45.29,34.05,8,2026-06-05 09:13:59.775238
S003,P004,weekly,2017-12-25,149.0,192.0,196.25,130.0,212.54,171.88,139.39,173.68,24.68,16.56,8,2026-06-05 09:13:59.775238
S003,P005,weekly,2017-11-06,175.0,152.0,166.0,166.0,175.92,155.53,163.76,163.2,11.8,6.74,8,2026-06-05 09:13:59.775238
S003,P005,weekly,2017-11-13,165.0,152.0,166.0,183.0,176.16,154.02,171.37,167.09,2.09,1.27,8,2026-06-05 09:13:59.775238
S003,P005,weekly,2017-11-20,169.0,152.0,166.0,208.0,176.4,152.77,177.52,172.12,3.12,1.84,8,2026-06-05 09:13:59.775238
S003,P005,weekly,2017-11-27,169.0,152.0,166.0,135.0,176.64,151.81,156.3,156.29,12.71,7.52,8,2026-06-05 09:13:59.775238
S003,P005,weekly,2017-12-04,147.0,152.0,166.0,116.0,176.88,146.26,120.13,146.21,0.79,0.54,8,2026-06-05 09:13:59.775238
S003,P005,weekly,2017-12-11,127.0,152.0,166.0,124.0,177.11,145.95,119.66,147.46,20.46,16.11,8,2026-06-05 09:13:59.775238
S003,P005,weekly,2017-12-18,130.0,152.0,166.0,104.0,177.35,146.0,115.64,143.5,13.5,10.38,8,2026-06-05 09:13:59.775238
S003,P005,weekly,2017-12-25,138.0,152.0,166.0,100.0,177.59,146.41,115.64,142.94,4.94,3.58,8,2026-06-05 09:13:59.775238
S003,P006,weekly,2017-11-06,517.0,548.0,516.75,510.0,564.28,496.51,515.8,525.22,8.22,1.59,8,2026-06-05 09:13:59.775238
S003,P006,weekly,2017-11-13,549.0,548.0,516.75,542.0,565.04,492.99,515.8,530.1,18.9,3.44,8,2026-06-05 09:13:59.775238
S003,P006,weekly,2017-11-20,581.0,548.0,516.75,498.0,565.79,490.2,507.0,520.96,60.04,10.33,8,2026-06-05 09:13:59.775238
S003,P006,weekly,2017-11-27,466.0,548.0,516.75,416.0,566.54,488.23,458.89,499.07,33.07,7.1,8,2026-06-05 09:13:59.775238
S003,P006,weekly,2017-12-04,404.0,548.0,516.75,391.0,567.29,468.59,376.38,478.0,74.0,18.32,8,2026-06-05 09:13:59.775238
S003,P006,weekly,2017-12-11,399.0,548.0,516.75,395.0,568.04,468.46,371.21,477.91,78.91,19.78,8,2026-06-05 09:13:59.775238
S003,P006,weekly,2017-12-18,402.0,548.0,516.75,317.0,568.79,469.33,363.43,463.88,61.88,15.39,8,2026-06-05 09:13:59.775238
S003,P006,weekly,2017-12-25,380.0,548.0,516.75,343.0,569.54,471.21,364.63,468.85,88.85,23.38,8,2026-06-05 09:13:59.775238
S003,P007,weekly,2017-11-06,564.0,525.0,516.0,550.0,561.39,493.3,513.8,526.58,37.42,6.63,8,2026-06-05 09:13:59.775238
S003,P007,weekly,2017-11-13,574.0,525.0,516.0,544.0,562.14,489.53,513.8,525.08,48.92,8.52,8,2026-06-05 09:13:59.775238
S003,P007,weekly,2017-11-20,564.0,525.0,516.0,529.0,562.89,486.22,502.27,520.23,43.77,7.76,8,2026-06-05 09:13:59.775238
S003,P007,weekly,2017-11-27,461.0,525.0,516.0,420.0,563.64,483.4,453.65,493.62,32.62,7.08,8,2026-06-05 09:13:59.775238
S003,P007,weekly,2017-12-04,394.0,525.0,516.0,390.0,564.39,469.35,387.42,475.36,81.36,20.65,8,2026-06-05 09:13:59.775238
S003,P007,weekly,2017-12-11,410.0,525.0,516.0,403.0,565.14,467.61,384.6,476.89,66.89,16.31,8,2026-06-05 09:13:59.775238
S003,P007,weekly,2017-12-18,410.0,525.0,516.0,382.0,565.89,466.42,377.78,472.18,62.18,15.17,8,2026-06-05 09:13:59.775238
S003,P007,weekly,2017-12-25,394.0,525.0,516.0,337.0,566.64,465.8,375.21,464.28,70.28,17.84,8,2026-06-05 09:13:59.775238
S003,P008,weekly,2017-11-06,750.0,709.0,679.25,714.0,737.89,649.07,679.77,694.83,55.17,7.36,8,2026-06-05 09:13:59.775238
S003,P008,weekly,2017-11-13,718.0,709.0,679.25,699.0,738.88,643.86,677.47,691.24,26.76,3.73,8,2026-06-05 09:13:59.775238
S003,P008,weekly,2017-11-20,740.0,709.0,679.25,639.0,739.87,639.72,658.97,677.63,62.37,8.43,8,2026-06-05 09:13:59.775238
S003,P008,weekly,2017-11-27,644.0,709.0,679.25,584.0,740.85,636.74,639.97,664.97,20.97,3.26,8,2026-06-05 09:13:59.775238
S003,P008,weekly,2017-12-04,502.0,709.0,679.25,498.0,741.84,614.2,509.05,625.22,123.22,24.55,8,2026-06-05 09:13:59.775238
S003,P008,weekly,2017-12-11,566.0,709.0,679.25,531.0,742.83,613.78,508.13,630.67,64.67,11.43,8,2026-06-05 09:13:59.775238
S003,P008,weekly,2017-12-18,498.0,709.0,679.25,486.0,743.82,614.72,508.13,623.49,125.49,25.2,8,2026-06-05 09:13:59.775238
S003,P008,weekly,2017-12-25,490.0,709.0,679.25,512.0,744.81,617.05,507.44,628.26,138.26,28.22,8,2026-06-05 09:13:59.775238
S003,P009,weekly,2017-11-06,471.0,463.0,442.5,431.0,489.23,432.95,444.14,450.47,20.53,4.36,8,2026-06-05 09:13:59.775238
S003,P009,weekly,2017-11-13,455.0,463.0,442.5,468.0,489.86,428.52,449.62,456.92,1.92,0.42,8,2026-06-05 09:13:59.775238
S003,P009,weekly,2017-11-20,471.0,463.0,442.5,493.0,490.49,424.52,447.02,460.09,10.91,2.32,8,2026-06-05 09:13:59.775238
S003,P009,weekly,2017-11-27,412.0,463.0,442.5,387.0,491.12,421.0,404.21,434.81,22.81,5.54,8,2026-06-05 09:13:59.775238
S003,P009,weekly,2017-12-04,346.0,463.0,442.5,316.0,491.75,412.77,342.35,411.39,65.39,18.9,8,2026-06-05 09:13:59.775238
S003,P009,weekly,2017-12-11,378.0,463.0,442.5,349.0,492.38,410.37,342.45,416.62,38.62,10.22,8,2026-06-05 09:13:59.775238
S003,P009,weekly,2017-12-18,340.0,463.0,442.5,341.0,493.01,408.57,342.45,415.09,75.09,22.08,8,2026-06-05 09:13:59.775238
S003,P009,weekly,2017-12-25,359.0,463.0,442.5,370.0,493.63,407.41,350.75,421.22,62.22,17.33,8,2026-06-05 09:13:59.775238
S003,P010,weekly,2017-11-06,670.0,686.0,670.75,661.0,704.83,615.12,658.12,665.97,4.03,0.6,8,2026-06-05 09:13:59.775238
S003,P010,weekly,2017-11-13,669.0,686.0,670.75,668.0,705.78,613.55,651.38,665.91,3.09,0.46,8,2026-06-05 09:13:59.775238
S003,P010,weekly,2017-11-20,699.0,686.0,670.75,677.0,706.74,612.98,648.31,666.96,32.04,4.58,8,2026-06-05 09:13:59.775238
S003,P010,weekly,2017-11-27,654.0,686.0,670.75,577.0,707.69,613.42,608.45,643.89,10.11,1.55,8,2026-06-05 09:13:59.775238
S003,P010,weekly,2017-12-04,471.0,686.0,670.75,488.0,708.65,583.57,486.54,603.92,132.92,28.22,8,2026-06-05 09:13:59.775238
S003,P010,weekly,2017-12-11,528.0,686.0,670.75,446.0,709.6,586.0,477.77,596.02,68.02,12.88,8,2026-06-05 09:13:59.775238
S003,P010,weekly,2017-12-18,522.0,686.0,670.75,486.0,710.56,589.39,475.63,603.05,81.05,15.53,8,2026-06-05 09:13:59.775238
S003,P010,weekly,2017-12-25,414.0,686.0,670.75,454.0,711.51,593.68,474.82,598.46,184.46,44.56,8,2026-06-05 09:13:59.775238
S004,P001,weekly,2017-11-06,183.0,181.0,170.0,159.0,191.77,172.81,165.65,173.37,9.63,5.26,8,2026-06-05 09:13:59.775238
S004,P001,weekly,2017-11-13,181.0,181.0,170.0,172.0,192.01,168.16,165.65,174.8,6.2,3.42,8,2026-06-05 09:13:59.775238
S004,P001,weekly,2017-11-20,201.0,181.0,170.0,168.0,192.26,163.8,164.47,173.25,27.75,13.8,8,2026-06-05 09:13:59.775238
S004,P001,weekly,2017-11-27,157.0,181.0,170.0,145.0,192.51,159.78,157.97,167.71,10.71,6.82,8,2026-06-05 09:13:59.775238
S004,P001,weekly,2017-12-04,138.0,181.0,170.0,151.0,192.75,164.47,137.61,166.14,28.14,20.39,8,2026-06-05 09:13:59.775238
S004,P001,weekly,2017-12-11,145.0,181.0,170.0,134.0,193.0,161.25,133.08,162.05,17.05,11.76,8,2026-06-05 09:13:59.775238
S004,P001,weekly,2017-12-18,141.0,181.0,170.0,128.0,193.24,158.48,130.55,160.21,19.21,13.63,8,2026-06-05 09:13:59.775238
S004,P001,weekly,2017-12-25,147.0,181.0,170.0,122.0,193.49,156.17,130.55,158.87,11.87,8.07,8,2026-06-05 09:13:59.775238
S004,P002,weekly,2017-11-06,502.0,506.0,474.5,501.0,516.93,450.56,482.65,488.61,13.39,2.67,8,2026-06-05 09:13:59.775238
S004,P002,weekly,2017-11-13,488.0,506.0,474.5,480.0,517.6,448.74,482.65,484.92,3.08,0.63,8,2026-06-05 09:13:59.775238
S004,P002,weekly,2017-11-20,515.0,506.0,474.5,524.0,518.26,447.78,484.71,492.54,22.46,4.36,8,2026-06-05 09:13:59.775238
S004,P002,weekly,2017-11-27,419.0,506.0,474.5,434.0,518.93,447.71,457.67,473.13,54.13,12.92,8,2026-06-05 09:13:59.775238
S004,P002,weekly,2017-12-04,353.0,506.0,474.5,364.0,519.6,425.49,345.37,439.16,86.16,24.41,8,2026-06-05 09:13:59.775238
S004,P002,weekly,2017-12-11,402.0,506.0,474.5,353.0,520.27,427.17,342.16,437.18,35.18,8.75,8,2026-06-05 09:13:59.775238
S004,P002,weekly,2017-12-18,387.0,506.0,474.5,329.0,520.94,429.71,341.29,433.57,46.57,12.03,8,2026-06-05 09:13:59.775238
S004,P002,weekly,2017-12-25,351.0,506.0,474.5,324.0,521.61,433.06,339.26,433.07,82.07,23.38,8,2026-06-05 09:13:59.775238
S004,P003,weekly,2017-11-06,329.0,297.0,291.5,300.0,323.67,285.16,293.03,298.39,30.61,9.3,8,2026-06-05 09:13:59.775238
S004,P003,weekly,2017-11-13,307.0,297.0,291.5,334.0,324.1,281.79,294.78,303.86,3.14,1.02,8,2026-06-05 09:13:59.775238
S004,P003,weekly,2017-11-20,307.0,297.0,291.5,277.0,324.52,278.63,284.58,292.21,14.79,4.82,8,2026-06-05 09:13:59.775238
S004,P003,weekly,2017-11-27,236.0,297.0,291.5,272.0,324.95,275.72,277.07,289.71,53.71,22.76,8,2026-06-05 09:13:59.775238
S004,P003,weekly,2017-12-04,225.0,297.0,291.5,200.0,325.37,272.15,207.65,265.61,40.61,18.05,8,2026-06-05 09:13:59.775238
S004,P003,weekly,2017-12-11,209.0,297.0,291.5,183.0,325.79,269.78,209.51,262.76,53.76,25.72,8,2026-06-05 09:13:59.775238
S004,P003,weekly,2017-12-18,251.0,297.0,291.5,196.0,326.22,267.71,210.26,264.78,13.78,5.49,8,2026-06-05 09:13:59.775238
S004,P003,weekly,2017-12-25,252.0,297.0,291.5,230.0,326.64,265.94,214.49,270.93,18.93,7.51,8,2026-06-05 09:13:59.775238
S004,P004,weekly,2017-11-06,207.0,168.0,180.75,197.0,191.97,168.03,180.01,180.96,26.04,12.58,8,2026-06-05 09:13:59.775238
S004,P004,weekly,2017-11-13,209.0,168.0,180.75,180.0,192.21,167.85,178.45,177.88,31.12,14.89,8,2026-06-05 09:13:59.775238
S004,P004,weekly,2017-11-20,198.0,168.0,180.75,186.0,192.46,167.85,178.05,178.85,19.15,9.67,8,2026-06-05 09:13:59.775238
S004,P004,weekly,2017-11-27,158.0,168.0,180.75,148.0,192.7,168.06,163.28,170.13,12.13,7.68,8,2026-06-05 09:13:59.775238
S004,P004,weekly,2017-12-04,122.0,168.0,180.75,130.0,192.94,158.0,131.34,160.17,38.17,31.29,8,2026-06-05 09:13:59.775238
S004,P004,weekly,2017-12-11,138.0,168.0,180.75,109.0,193.18,158.66,128.94,156.42,18.42,13.35,8,2026-06-05 09:13:59.775238
S004,P004,weekly,2017-12-18,179.0,168.0,180.75,139.0,193.42,159.55,129.45,161.7,17.3,9.67,8,2026-06-05 09:13:59.775238
S004,P004,weekly,2017-12-25,166.0,168.0,180.75,117.0,193.67,160.67,125.23,157.55,8.45,5.09,8,2026-06-05 09:13:59.775238
S004,P005,weekly,2017-11-06,150.0,155.0,147.0,161.0,164.35,144.24,151.1,153.78,3.78,2.52,8,2026-06-05 09:13:59.775238
S004,P005,weekly,2017-11-13,155.0,155.0,147.0,158.0,164.56,141.7,151.38,152.94,2.06,1.33,8,2026-06-05 09:13:59.775238
S004,P005,weekly,2017-11-20,147.0,155.0,147.0,175.0,164.78,139.3,153.77,155.81,8.81,5.99,8,2026-06-05 09:13:59.775238
S004,P005,weekly,2017-11-27,141.0,155.0,147.0,110.0,165.0,137.07,127.59,140.28,0.72,0.51,8,2026-06-05 09:13:59.775238
S004,P005,weekly,2017-12-04,108.0,155.0,147.0,119.0,165.21,135.93,114.24,139.4,31.4,29.07,8,2026-06-05 09:13:59.775238
S004,P005,weekly,2017-12-11,134.0,155.0,147.0,127.0,165.43,134.13,114.12,140.45,6.45,4.81,8,2026-06-05 09:13:59.775238
S004,P005,weekly,2017-12-18,104.0,155.0,147.0,90.0,165.65,132.59,108.35,133.1,29.1,27.98,8,2026-06-05 09:13:59.775238
S004,P005,weekly,2017-12-25,116.0,155.0,147.0,122.0,165.87,131.33,109.44,138.44,22.44,19.34,8,2026-06-05 09:13:59.775238
S004,P006,weekly,2017-11-06,482.0,458.0,466.25,492.0,513.23,448.34,467.14,474.16,7.84,1.63,8,2026-06-05 09:13:59.775238
S004,P006,weekly,2017-11-13,494.0,458.0,466.25,486.0,513.9,446.09,467.14,472.9,21.1,4.27,8,2026-06-05 09:13:59.775238
S004,P006,weekly,2017-11-20,498.0,458.0,466.25,445.0,514.56,444.23,456.44,464.08,33.92,6.81,8,2026-06-05 09:13:59.775238
S004,P006,weekly,2017-11-27,432.0,458.0,466.25,408.0,515.22,442.8,440.24,455.09,23.09,5.34,8,2026-06-05 09:13:59.775238
S004,P006,weekly,2017-12-04,386.0,458.0,466.25,358.0,515.89,422.59,354.64,429.23,43.23,11.2,8,2026-06-05 09:13:59.775238
S004,P006,weekly,2017-12-11,334.0,458.0,466.25,368.0,516.55,422.09,350.87,430.29,96.29,28.83,8,2026-06-05 09:13:59.775238
S004,P006,weekly,2017-12-18,374.0,458.0,466.25,366.0,517.21,422.09,346.56,429.35,55.35,14.8,8,2026-06-05 09:13:59.775238
S004,P006,weekly,2017-12-25,347.0,458.0,466.25,336.0,517.88,422.58,345.59,424.38,77.38,22.3,8,2026-06-05 09:13:59.775238
S004,P007,weekly,2017-11-06,519.0,525.0,485.75,463.0,513.4,447.48,484.09,486.45,32.55,6.27,8,2026-06-05 09:13:59.775238
S004,P007,weekly,2017-11-13,488.0,525.0,485.75,467.0,514.04,445.56,485.61,487.16,0.84,0.17,8,2026-06-05 09:13:59.775238
S004,P007,weekly,2017-11-20,512.0,525.0,485.75,540.0,514.69,444.41,492.68,500.42,11.58,2.26,8,2026-06-05 09:13:59.775238
S004,P007,weekly,2017-11-27,414.0,525.0,485.75,412.0,515.34,444.08,455.2,472.89,58.89,14.23,8,2026-06-05 09:13:59.775238
S004,P007,weekly,2017-12-04,398.0,525.0,485.75,365.0,515.98,419.98,356.12,444.64,46.64,11.72,8,2026-06-05 09:13:59.775238
S004,P007,weekly,2017-12-11,350.0,525.0,485.75,353.0,516.63,421.43,352.15,442.33,92.33,26.38,8,2026-06-05 09:13:59.775238
S004,P007,weekly,2017-12-18,342.0,525.0,485.75,324.0,517.28,423.81,348.62,437.41,95.41,27.9,8,2026-06-05 09:13:59.775238
S004,P007,weekly,2017-12-25,382.0,525.0,485.75,328.0,517.92,427.14,348.62,438.74,56.74,14.85,8,2026-06-05 09:13:59.775238
S004,P008,weekly,2017-11-06,690.0,654.0,628.0,643.0,680.46,599.23,634.57,639.88,50.12,7.26,8,2026-06-05 09:13:59.775238
S004,P008,weekly,2017-11-13,728.0,654.0,628.0,642.0,681.37,595.44,634.22,639.17,88.83,12.2,8,2026-06-05 09:13:59.775238
S004,P008,weekly,2017-11-20,661.0,654.0,628.0,725.0,682.28,592.47,649.07,655.14,5.86,0.89,8,2026-06-05 09:13:59.775238
S004,P008,weekly,2017-11-27,617.0,654.0,628.0,525.0,683.19,590.36,563.11,607.28,9.72,1.58,8,2026-06-05 09:13:59.775238
S004,P008,weekly,2017-12-04,491.0,654.0,628.0,449.0,684.1,571.01,468.23,575.72,84.72,17.26,8,2026-06-05 09:13:59.775238
S004,P008,weekly,2017-12-11,506.0,654.0,628.0,481.0,685.01,570.73,466.05,580.8,74.8,14.78,8,2026-06-05 09:13:59.775238
S004,P008,weekly,2017-12-18,481.0,654.0,628.0,450.0,685.92,571.4,467.33,576.11,95.11,19.77,8,2026-06-05 09:13:59.775238
S004,P008,weekly,2017-12-25,474.0,654.0,628.0,497.0,686.83,573.0,470.1,584.82,110.82,23.38,8,2026-06-05 09:13:59.775238
S004,P009,weekly,2017-11-06,490.0,429.0,404.75,449.0,449.94,391.06,422.24,424.33,65.67,13.4,8,2026-06-05 09:13:59.775238
S004,P009,weekly,2017-11-13,452.0,429.0,404.75,439.0,450.51,388.88,422.24,422.4,29.6,6.55,8,2026-06-05 09:13:59.775238
S004,P009,weekly,2017-11-20,449.0,429.0,404.75,452.0,451.08,387.63,415.36,423.3,25.7,5.72,8,2026-06-05 09:13:59.775238
S004,P009,weekly,2017-11-27,377.0,429.0,404.75,311.0,451.65,387.33,353.2,389.49,12.49,3.31,8,2026-06-05 09:13:59.775238
S004,P009,weekly,2017-12-04,319.0,429.0,404.75,292.0,452.21,365.98,310.34,375.71,56.71,17.78,8,2026-06-05 09:13:59.775238
S004,P009,weekly,2017-12-11,338.0,429.0,404.75,317.0,452.78,367.61,310.24,380.23,42.23,12.49,8,2026-06-05 09:13:59.775238
S004,P009,weekly,2017-12-18,326.0,429.0,404.75,307.0,453.35,370.19,310.44,379.12,53.12,16.29,8,2026-06-05 09:13:59.775238
S004,P009,weekly,2017-12-25,334.0,429.0,404.75,321.0,453.92,373.69,310.44,382.13,48.13,14.41,8,2026-06-05 09:13:59.775238
S004,P010,weekly,2017-11-06,645.0,604.0,602.5,621.0,646.22,564.42,599.54,606.28,38.72,6.0,8,2026-06-05 09:13:59.775238
S004,P010,weekly,2017-11-13,632.0,604.0,602.5,625.0,647.07,562.98,599.54,606.85,25.15,3.98,8,2026-06-05 09:13:59.775238
S004,P010,weekly,2017-11-20,612.0,604.0,602.5,620.0,647.91,562.45,597.79,605.77,6.23,1.02,8,2026-06-05 09:13:59.775238
S004,P010,weekly,2017-11-27,566.0,604.0,602.5,501.0,648.76,562.85,535.4,575.75,9.75,1.72,8,2026-06-05 09:13:59.775238
S004,P010,weekly,2017-12-04,455.0,604.0,602.5,488.0,649.6,534.86,457.27,556.04,101.04,22.21,8,2026-06-05 09:13:59.775238
S004,P010,weekly,2017-12-11,510.0,604.0,602.5,431.0,650.45,537.22,450.71,545.98,35.98,7.05,8,2026-06-05 09:13:59.775238
S004,P010,weekly,2017-12-18,493.0,604.0,602.5,432.0,651.29,540.57,448.97,546.55,53.55,10.86,8,2026-06-05 09:13:59.775238
S004,P010,weekly,2017-12-25,428.0,604.0,602.5,451.0,652.14,544.89,449.29,550.64,122.64,28.65,8,2026-06-05 09:13:59.775238
S005,P001,weekly,2017-11-06,134.0,129.0,134.25,119.0,140.91,125.06,132.1,130.05,3.95,2.95,8,2026-06-05 09:13:59.775238
S005,P001,weekly,2017-11-13,143.0,129.0,134.25,137.0,141.09,123.93,132.27,132.92,10.08,7.05,8,2026-06-05 09:13:59.775238
S005,P001,weekly,2017-11-20,139.0,129.0,134.25,120.0,141.28,122.91,127.87,129.22,9.78,7.04,8,2026-06-05 09:13:59.775238
S005,P001,weekly,2017-11-27,122.0,129.0,134.25,109.0,141.47,122.01,119.52,125.87,3.87,3.18,8,2026-06-05 09:13:59.775238
S005,P001,weekly,2017-12-04,100.0,129.0,134.25,98.0,141.66,119.33,104.21,121.07,21.07,21.07,8,2026-06-05 09:13:59.775238
S005,P001,weekly,2017-12-11,107.0,129.0,134.25,103.0,141.84,118.74,103.79,121.77,14.77,13.8,8,2026-06-05 09:13:59.775238
S005,P001,weekly,2017-12-18,93.0,129.0,134.25,91.0,142.03,118.32,101.06,119.28,26.28,28.25,8,2026-06-05 09:13:59.775238
S005,P001,weekly,2017-12-25,118.0,129.0,134.25,87.0,142.22,118.08,100.91,118.58,0.58,0.49,8,2026-06-05 09:13:59.775238
S005,P002,weekly,2017-11-06,373.0,370.0,328.5,352.0,375.49,330.16,345.04,350.2,22.8,6.11,8,2026-06-05 09:13:59.775238
S005,P002,weekly,2017-11-13,375.0,370.0,328.5,373.0,376.0,329.04,344.26,353.47,21.53,5.74,8,2026-06-05 09:13:59.775238
S005,P002,weekly,2017-11-20,333.0,370.0,328.5,360.0,376.5,328.35,341.29,350.77,17.77,5.34,8,2026-06-05 09:13:59.775238
S005,P002,weekly,2017-11-27,305.0,370.0,328.5,277.0,377.01,328.12,302.13,330.46,25.46,8.35,8,2026-06-05 09:13:59.775238
S005,P002,weekly,2017-12-04,270.0,370.0,328.5,265.0,377.51,317.86,261.24,320.02,50.02,18.53,8,2026-06-05 09:13:59.775238
S005,P002,weekly,2017-12-11,308.0,370.0,328.5,265.0,378.02,318.54,259.68,319.96,11.96,3.88,8,2026-06-05 09:13:59.775238
S005,P002,weekly,2017-12-18,257.0,370.0,328.5,256.0,378.52,319.67,258.67,318.56,61.56,23.95,8,2026-06-05 09:13:59.775238
S005,P002,weekly,2017-12-25,255.0,370.0,328.5,253.0,379.03,321.22,255.64,317.9,62.9,24.67,8,2026-06-05 09:13:59.775238
S005,P003,weekly,2017-11-06,254.0,225.0,213.5,187.0,232.55,200.33,214.95,212.22,41.78,16.45,8,2026-06-05 09:13:59.775238
S005,P003,weekly,2017-11-13,249.0,225.0,213.5,255.0,232.85,200.37,218.6,224.22,24.78,9.95,8,2026-06-05 09:13:59.775238
S005,P003,weekly,2017-11-20,245.0,225.0,213.5,223.0,233.15,200.94,216.22,218.64,26.36,10.76,8,2026-06-05 09:13:59.775238
S005,P003,weekly,2017-11-27,202.0,225.0,213.5,201.0,233.45,202.05,207.89,213.82,11.82,5.85,8,2026-06-05 09:13:59.775238
S005,P003,weekly,2017-12-04,186.0,225.0,213.5,157.0,233.75,184.97,156.62,195.14,9.14,4.91,8,2026-06-05 09:13:59.775238
S005,P003,weekly,2017-12-11,155.0,225.0,213.5,145.0,234.05,187.07,155.71,193.39,38.39,24.77,8,2026-06-05 09:13:59.775238
S005,P003,weekly,2017-12-18,158.0,225.0,213.5,159.0,234.35,189.61,156.57,196.34,38.34,24.26,8,2026-06-05 09:13:59.775238
S005,P003,weekly,2017-12-25,181.0,225.0,213.5,162.0,234.65,192.56,156.08,197.3,16.3,9.0,8,2026-06-05 09:13:59.775238
S005,P004,weekly,2017-11-06,139.0,144.0,130.0,146.0,141.88,124.7,134.49,136.85,2.15,1.55,8,2026-06-05 09:13:59.775238
S005,P004,weekly,2017-11-13,137.0,144.0,130.0,125.0,142.07,125.81,133.17,133.34,3.66,2.67,8,2026-06-05 09:13:59.775238
S005,P004,weekly,2017-11-20,139.0,144.0,130.0,143.0,142.27,127.17,131.95,136.4,2.6,1.87,8,2026-06-05 09:13:59.775238
S005,P004,weekly,2017-11-27,126.0,144.0,130.0,102.0,142.46,128.77,115.64,127.14,1.14,0.91,8,2026-06-05 09:13:59.775238
S005,P004,weekly,2017-12-04,93.0,144.0,130.0,108.0,142.65,120.15,101.8,124.44,31.44,33.8,8,2026-06-05 09:13:59.775238
S005,P004,weekly,2017-12-11,117.0,144.0,130.0,89.0,142.85,122.19,98.85,121.15,4.15,3.55,8,2026-06-05 09:13:59.775238
S005,P004,weekly,2017-12-18,114.0,144.0,130.0,111.0,143.04,124.42,99.93,125.4,11.4,10.0,8,2026-06-05 09:13:59.775238
S005,P004,weekly,2017-12-25,84.0,144.0,130.0,104.0,143.23,126.8,99.88,124.65,40.65,48.4,8,2026-06-05 09:13:59.775238
S005,P005,weekly,2017-11-06,117.0,118.0,112.5,104.0,118.28,103.23,109.86,110.98,6.02,5.15,8,2026-06-05 09:13:59.775238
S005,P005,weekly,2017-11-13,105.0,118.0,112.5,115.0,118.43,102.39,109.93,112.71,7.71,7.34,8,2026-06-05 09:13:59.775238
S005,P005,weekly,2017-11-20,120.0,118.0,112.5,112.0,118.59,101.55,107.85,111.75,8.25,6.88,8,2026-06-05 09:13:59.775238
S005,P005,weekly,2017-11-27,110.0,118.0,112.5,85.0,118.74,100.74,95.6,105.1,4.9,4.46,8,2026-06-05 09:13:59.775238
S005,P005,weekly,2017-12-04,93.0,118.0,112.5,84.0,118.9,97.37,87.12,102.98,9.98,10.73,8,2026-06-05 09:13:59.775238
S005,P005,weekly,2017-12-11,82.0,118.0,112.5,99.0,119.05,96.64,87.52,105.45,23.45,28.6,8,2026-06-05 09:13:59.775238
S005,P005,weekly,2017-12-18,87.0,118.0,112.5,74.0,119.21,95.98,82.63,100.39,13.39,15.39,8,2026-06-05 09:13:59.775238
S005,P005,weekly,2017-12-25,88.0,118.0,112.5,66.0,119.37,95.4,79.43,98.45,10.45,11.87,8,2026-06-05 09:13:59.775238
S005,P006,weekly,2017-11-06,405.0,332.0,343.5,356.0,373.36,327.25,341.38,345.58,59.42,14.67,8,2026-06-05 09:13:59.775238
S005,P006,weekly,2017-11-13,345.0,332.0,343.5,347.0,373.84,323.35,341.17,343.48,1.52,0.44,8,2026-06-05 09:13:59.775238
S005,P006,weekly,2017-11-20,363.0,332.0,343.5,350.0,374.33,319.94,340.5,343.38,19.62,5.41,8,2026-06-05 09:13:59.775238
S005,P006,weekly,2017-11-27,340.0,332.0,343.5,321.0,374.81,317.06,329.35,336.29,3.71,1.09,8,2026-06-05 09:13:59.775238
S005,P006,weekly,2017-12-04,257.0,332.0,343.5,234.0,375.3,308.59,257.48,308.48,51.48,20.03,8,2026-06-05 09:13:59.775238
S005,P006,weekly,2017-12-11,263.0,332.0,343.5,263.0,375.78,306.82,257.19,313.05,50.05,19.03,8,2026-06-05 09:13:59.775238
S005,P006,weekly,2017-12-18,265.0,332.0,343.5,264.0,376.26,305.62,257.33,313.12,48.12,18.16,8,2026-06-05 09:13:59.775238
S005,P006,weekly,2017-12-25,234.0,332.0,343.5,241.0,376.75,304.98,252.95,308.53,74.53,31.85,8,2026-06-05 09:13:59.775238
S005,P007,weekly,2017-11-06,377.0,407.0,355.75,354.0,376.2,325.22,377.68,365.98,11.02,2.92,8,2026-06-05 09:13:59.775238
S005,P007,weekly,2017-11-13,347.0,407.0,355.75,345.0,376.71,325.69,377.68,364.64,17.64,5.08,8,2026-06-05 09:13:59.775238
S005,P007,weekly,2017-11-20,406.0,407.0,355.75,359.0,377.22,326.47,375.76,366.87,39.13,9.64,8,2026-06-05 09:13:59.775238
S005,P007,weekly,2017-11-27,328.0,407.0,355.75,295.0,377.73,327.56,352.8,352.64,24.64,7.51,8,2026-06-05 09:13:59.775238
S005,P007,weekly,2017-12-04,259.0,407.0,355.75,251.0,378.24,307.75,250.27,325.0,66.0,25.48,8,2026-06-05 09:13:59.775238
S005,P007,weekly,2017-12-11,270.0,407.0,355.75,237.0,378.75,309.47,251.58,323.26,53.26,19.73,8,2026-06-05 09:13:59.775238
S005,P007,weekly,2017-12-18,255.0,407.0,355.75,261.0,379.26,311.5,251.58,327.68,72.68,28.5,8,2026-06-05 09:13:59.775238
S005,P007,weekly,2017-12-25,255.0,407.0,355.75,251.0,379.77,313.83,251.08,326.4,71.4,28.0,8,2026-06-05 09:13:59.775238
S005,P008,weekly,2017-11-06,492.0,514.0,453.25,506.0,494.26,436.29,482.48,481.05,10.95,2.23,8,2026-06-05 09:13:59.775238
S005,P008,weekly,2017-11-13,476.0,514.0,453.25,464.0,494.92,433.61,476.93,472.79,3.21,0.68,8,2026-06-05 09:13:59.775238
S005,P008,weekly,2017-11-20,471.0,514.0,453.25,476.0,495.59,431.72,474.34,474.15,3.15,0.67,8,2026-06-05 09:13:59.775238
S005,P008,weekly,2017-11-27,456.0,514.0,453.25,368.0,496.25,430.66,410.02,445.36,10.64,2.33,8,2026-06-05 09:13:59.775238
S005,P008,weekly,2017-12-04,334.0,514.0,453.25,377.0,496.92,414.05,355.32,435.09,101.09,30.27,8,2026-06-05 09:13:59.775238
S005,P008,weekly,2017-12-11,354.0,514.0,453.25,332.0,497.58,414.7,343.33,425.81,71.81,20.29,8,2026-06-05 09:13:59.775238
S005,P008,weekly,2017-12-18,314.0,514.0,453.25,330.0,498.25,416.2,334.08,424.29,110.29,35.13,8,2026-06-05 09:13:59.775238
S005,P008,weekly,2017-12-25,363.0,514.0,453.25,301.0,498.91,418.53,332.91,419.77,56.77,15.64,8,2026-06-05 09:13:59.775238
S005,P009,weekly,2017-11-06,317.0,292.0,314.5,299.0,326.0,287.75,300.23,303.25,13.75,4.34,8,2026-06-05 09:13:59.775238
S005,P009,weekly,2017-11-13,333.0,292.0,314.5,282.0,326.43,286.96,298.84,300.12,32.88,9.87,8,2026-06-05 09:13:59.775238
S005,P009,weekly,2017-11-20,317.0,292.0,314.5,301.0,326.85,286.62,296.51,302.91,14.09,4.44,8,2026-06-05 09:13:59.775238
S005,P009,weekly,2017-11-27,258.0,292.0,314.5,258.0,327.28,286.75,278.71,292.87,34.87,13.52,8,2026-06-05 09:13:59.775238
S005,P009,weekly,2017-12-04,208.0,292.0,314.5,218.0,327.7,271.96,235.89,276.67,68.67,33.02,8,2026-06-05 09:13:59.775238
S005,P009,weekly,2017-12-11,249.0,292.0,314.5,219.0,328.13,273.06,236.87,277.26,28.26,11.35,8,2026-06-05 09:13:59.775238
S005,P009,weekly,2017-12-18,224.0,292.0,314.5,242.0,328.56,274.64,236.97,281.44,57.44,25.64,8,2026-06-05 09:13:59.775238
S005,P009,weekly,2017-12-25,231.0,292.0,314.5,223.0,328.98,276.7,236.23,278.57,47.57,20.59,8,2026-06-05 09:13:59.775238
S005,P010,weekly,2017-11-06,489.0,514.0,449.5,441.0,469.03,417.01,481.27,461.97,27.03,5.53,8,2026-06-05 09:13:59.775238
S005,P010,weekly,2017-11-13,431.0,514.0,449.5,432.0,469.67,409.97,479.44,459.1,28.1,6.52,8,2026-06-05 09:13:59.775238
S005,P010,weekly,2017-11-20,458.0,514.0,449.5,420.0,470.3,403.6,479.02,456.07,1.93,0.42,8,2026-06-05 09:13:59.775238
S005,P010,weekly,2017-11-27,422.0,514.0,449.5,364.0,470.94,397.97,426.4,437.14,15.14,3.59,8,2026-06-05 09:13:59.775238
S005,P010,weekly,2017-12-04,298.0,514.0,449.5,302.0,471.57,391.31,323.22,408.6,110.6,37.11,8,2026-06-05 09:13:59.775238
S005,P010,weekly,2017-12-11,328.0,514.0,449.5,330.0,472.21,387.37,319.33,412.07,84.07,25.63,8,2026-06-05 09:13:59.775238
S005,P010,weekly,2017-12-18,340.0,514.0,449.5,314.0,472.84,384.34,319.5,409.03,69.03,20.3,8,2026-06-05 09:13:59.775238
S005,P010,weekly,2017-12-25,337.0,514.0,449.5,306.0,473.48,382.27,319.5,407.46,70.46,20.91,8,2026-06-05 09:13:59.775238
S006,P001,weekly,2017-11-06,133.0,142.0,129.0,142.0,139.12,122.21,133.65,134.66,1.66,1.25,8,2026-06-05 09:13:59.775238
S006,P001,weekly,2017-11-13,160.0,142.0,129.0,141.0,139.3,121.88,133.41,134.43,25.57,15.98,8,2026-06-05 09:13:59.775238
S006,P001,weekly,2017-11-20,129.0,142.0,129.0,126.0,139.47,121.79,132.55,131.8,2.8,2.17,8,2026-06-05 09:13:59.775238
S006,P001,weekly,2017-11-27,106.0,142.0,129.0,141.0,139.64,121.92,132.77,134.39,28.39,26.78,8,2026-06-05 09:13:59.775238
S006,P001,weekly,2017-12-04,95.0,142.0,129.0,87.0,139.82,118.9,99.76,119.41,24.41,25.7,8,2026-06-05 09:13:59.775238
S006,P001,weekly,2017-12-11,95.0,142.0,129.0,117.0,139.99,119.46,100.92,124.73,29.73,31.29,8,2026-06-05 09:13:59.775238
S006,P001,weekly,2017-12-18,98.0,142.0,129.0,92.0,140.16,120.23,99.87,120.54,22.54,23.0,8,2026-06-05 09:13:59.775238
S006,P001,weekly,2017-12-25,91.0,142.0,129.0,99.0,140.34,121.17,100.73,122.04,31.04,34.11,8,2026-06-05 09:13:59.775238
S006,P002,weekly,2017-11-06,380.0,362.0,350.25,364.0,374.92,334.33,348.61,355.68,24.32,6.4,8,2026-06-05 09:13:59.775238
S006,P002,weekly,2017-11-13,373.0,362.0,350.25,334.0,375.42,331.75,347.46,350.15,22.85,6.13,8,2026-06-05 09:13:59.775238
S006,P002,weekly,2017-11-20,399.0,362.0,350.25,361.0,375.92,329.56,345.05,353.96,45.04,11.29,8,2026-06-05 09:13:59.775238
S006,P002,weekly,2017-11-27,363.0,362.0,350.25,297.0,376.42,327.81,315.87,338.22,24.78,6.83,8,2026-06-05 09:13:59.775238
S006,P002,weekly,2017-12-04,263.0,362.0,350.25,285.0,376.92,321.16,270.88,327.7,64.7,24.6,8,2026-06-05 09:13:59.775238
S006,P002,weekly,2017-12-11,234.0,362.0,350.25,276.0,377.42,320.45,264.15,325.04,91.04,38.91,8,2026-06-05 09:13:59.775238
S006,P002,weekly,2017-12-18,258.0,362.0,350.25,252.0,377.92,320.33,263.03,320.92,62.92,24.39,8,2026-06-05 09:13:59.775238
S006,P002,weekly,2017-12-25,287.0,362.0,350.25,263.0,378.42,320.81,262.77,322.87,35.87,12.5,8,2026-06-05 09:13:59.775238
S006,P003,weekly,2017-11-06,240.0,253.0,215.5,215.0,231.99,204.26,231.98,225.29,14.71,6.13,8,2026-06-05 09:13:59.775238
S006,P003,weekly,2017-11-13,238.0,253.0,215.5,221.0,232.28,203.29,231.98,226.17,11.83,4.97,8,2026-06-05 09:13:59.775238
S006,P003,weekly,2017-11-20,248.0,253.0,215.5,236.0,232.58,202.71,231.5,228.55,19.45,7.84,8,2026-06-05 09:13:59.775238
S006,P003,weekly,2017-11-27,185.0,253.0,215.5,174.0,232.88,202.55,200.71,213.11,28.11,15.19,8,2026-06-05 09:13:59.775238
S006,P003,weekly,2017-12-04,142.0,253.0,215.5,176.0,233.17,192.86,172.8,207.22,65.22,45.93,8,2026-06-05 09:13:59.775238
S006,P003,weekly,2017-12-11,183.0,253.0,215.5,168.0,233.47,193.55,168.37,205.31,22.31,12.19,8,2026-06-05 09:13:59.775238
S006,P003,weekly,2017-12-18,184.0,253.0,215.5,161.0,233.76,194.67,167.26,204.2,20.2,10.98,8,2026-06-05 09:13:59.775238
S006,P003,weekly,2017-12-25,179.0,253.0,215.5,165.0,234.06,196.2,167.36,205.19,26.19,14.63,8,2026-06-05 09:13:59.775238
S006,P004,weekly,2017-11-06,167.0,142.0,119.75,143.0,138.78,121.88,133.27,133.11,33.89,20.29,8,2026-06-05 09:13:59.775238
S006,P004,weekly,2017-11-13,130.0,142.0,119.75,147.0,138.95,119.92,133.41,133.51,3.51,2.7,8,2026-06-05 09:13:59.775238
S006,P004,weekly,2017-11-20,142.0,142.0,119.75,133.0,139.13,118.04,127.82,129.96,12.04,8.48,8,2026-06-05 09:13:59.775238
S006,P004,weekly,2017-11-27,119.0,142.0,119.75,128.0,139.3,116.27,123.58,128.15,9.15,7.69,8,2026-06-05 09:13:59.775238
S006,P004,weekly,2017-12-04,116.0,142.0,119.75,92.0,139.47,115.59,94.4,117.2,1.2,1.04,8,2026-06-05 09:13:59.775238
S006,P004,weekly,2017-12-11,112.0,142.0,119.75,110.0,139.64,114.11,94.3,119.97,7.97,7.11,8,2026-06-05 09:13:59.775238
S006,P004,weekly,2017-12-18,96.0,142.0,119.75,82.0,139.81,112.8,91.25,114.6,18.6,19.38,8,2026-06-05 09:13:59.775238
S006,P004,weekly,2017-12-25,78.0,142.0,119.75,89.0,139.98,111.69,90.97,115.56,37.56,48.16,8,2026-06-05 09:13:59.775238
S006,P005,weekly,2017-11-06,123.0,118.0,114.25,119.0,117.03,102.27,112.64,113.87,9.13,7.43,8,2026-06-05 09:13:59.775238
S006,P005,weekly,2017-11-13,98.0,118.0,114.25,105.0,117.19,100.08,112.17,111.11,13.11,13.38,8,2026-06-05 09:13:59.775238
S006,P005,weekly,2017-11-20,120.0,118.0,114.25,113.0,117.34,98.15,110.24,111.83,8.17,6.81,8,2026-06-05 09:13:59.775238
S006,P005,weekly,2017-11-27,98.0,118.0,114.25,72.0,117.5,96.48,89.15,101.23,3.23,3.3,8,2026-06-05 09:13:59.775238
S006,P005,weekly,2017-12-04,98.0,118.0,114.25,87.0,117.66,94.66,77.44,101.5,3.5,3.57,8,2026-06-05 09:13:59.775238
S006,P005,weekly,2017-12-11,99.0,118.0,114.25,58.0,117.81,93.53,71.07,95.44,3.56,3.59,8,2026-06-05 09:13:59.775238
S006,P005,weekly,2017-12-18,75.0,118.0,114.25,64.0,117.97,92.66,69.8,96.11,21.11,28.15,8,2026-06-05 09:13:59.775238
S006,P005,weekly,2017-12-25,74.0,118.0,114.25,68.0,118.13,92.04,69.92,96.72,22.72,30.71,8,2026-06-05 09:13:59.775238
S006,P006,weekly,2017-11-06,336.0,356.0,361.25,351.0,373.02,328.28,354.75,354.05,18.05,5.37,8,2026-06-05 09:13:59.775238
S006,P006,weekly,2017-11-13,383.0,356.0,361.25,349.0,373.51,326.48,353.97,353.37,29.63,7.74,8,2026-06-05 09:13:59.775238
S006,P006,weekly,2017-11-20,383.0,356.0,361.25,362.0,373.99,325.12,353.24,355.27,27.73,7.24,8,2026-06-05 09:13:59.775238
S006,P006,weekly,2017-11-27,342.0,356.0,361.25,322.0,374.48,324.22,338.03,346.0,4.0,1.17,8,2026-06-05 09:13:59.775238
S006,P006,weekly,2017-12-04,273.0,356.0,361.25,247.0,374.96,313.6,257.67,318.41,45.41,16.63,8,2026-06-05 09:13:59.775238
S006,P006,weekly,2017-12-11,256.0,356.0,361.25,227.0,375.45,313.7,254.98,314.73,58.73,22.94,8,2026-06-05 09:13:59.775238
S006,P006,weekly,2017-12-18,254.0,356.0,361.25,256.0,375.93,314.32,255.02,319.75,65.75,25.89,8,2026-06-05 09:13:59.775238
S006,P006,weekly,2017-12-25,250.0,356.0,361.25,249.0,376.42,315.45,255.47,318.93,68.93,27.57,8,2026-06-05 09:13:59.775238
S006,P007,weekly,2017-11-06,374.0,327.0,343.75,379.0,375.76,326.76,338.14,348.4,25.6,6.84,8,2026-06-05 09:13:59.775238
S006,P007,weekly,2017-11-13,387.0,327.0,343.75,362.0,376.26,326.44,337.8,345.54,41.46,10.71,8,2026-06-05 09:13:59.775238
S006,P007,weekly,2017-11-20,340.0,327.0,343.75,340.0,376.76,326.75,334.17,341.41,1.41,0.41,8,2026-06-05 09:13:59.775238
S006,P007,weekly,2017-11-27,286.0,327.0,343.75,305.0,377.26,327.68,323.46,334.03,48.03,16.79,8,2026-06-05 09:13:59.775238
S006,P007,weekly,2017-12-04,271.0,327.0,343.75,264.0,377.76,309.47,263.55,314.25,43.25,15.96,8,2026-06-05 09:13:59.775238
S006,P007,weekly,2017-12-11,245.0,327.0,343.75,292.0,378.26,311.66,259.9,318.76,73.76,30.11,8,2026-06-05 09:13:59.775238
S006,P007,weekly,2017-12-18,273.0,327.0,343.75,265.0,378.76,314.46,257.65,314.44,41.44,15.18,8,2026-06-05 09:13:59.775238
S006,P007,weekly,2017-12-25,257.0,327.0,343.75,236.0,379.26,317.84,257.39,310.21,53.21,20.7,8,2026-06-05 09:13:59.775238
S006,P008,weekly,2017-11-06,494.0,453.0,465.75,501.0,488.1,426.63,462.07,466.09,27.91,5.65,8,2026-06-05 09:13:59.775238
S006,P008,weekly,2017-11-13,508.0,453.0,465.75,474.0,488.72,424.97,459.83,461.05,46.95,9.24,8,2026-06-05 09:13:59.775238
S006,P008,weekly,2017-11-20,505.0,453.0,465.75,443.0,489.35,424.13,441.25,452.75,52.25,10.35,8,2026-06-05 09:13:59.775238
S006,P008,weekly,2017-11-27,370.0,453.0,465.75,356.0,489.98,424.12,391.79,430.11,60.11,16.24,8,2026-06-05 09:13:59.775238
S006,P008,weekly,2017-12-04,341.0,453.0,465.75,295.0,490.6,403.2,321.6,404.86,63.86,18.73,8,2026-06-05 09:13:59.775238
S006,P008,weekly,2017-12-11,366.0,453.0,465.75,362.0,491.23,404.91,323.09,416.66,50.66,13.84,8,2026-06-05 09:13:59.775238
S006,P008,weekly,2017-12-18,332.0,453.0,465.75,304.0,491.86,407.47,321.25,407.22,75.22,22.66,8,2026-06-05 09:13:59.775238
S006,P008,weekly,2017-12-25,364.0,453.0,465.75,293.0,492.49,410.87,321.21,406.05,42.05,11.55,8,2026-06-05 09:13:59.775238
S006,P009,weekly,2017-11-06,328.0,311.0,292.0,327.0,331.46,294.66,301.22,309.56,18.44,5.62,8,2026-06-05 09:13:59.775238
S006,P009,weekly,2017-11-13,318.0,311.0,292.0,334.0,331.9,290.29,299.33,309.75,8.25,2.59,8,2026-06-05 09:13:59.775238
S006,P009,weekly,2017-11-20,313.0,311.0,292.0,286.0,332.33,286.56,291.25,299.86,13.14,4.2,8,2026-06-05 09:13:59.775238
S006,P009,weekly,2017-11-27,293.0,311.0,292.0,258.0,332.77,283.52,272.45,291.62,1.38,0.47,8,2026-06-05 09:13:59.775238
S006,P009,weekly,2017-12-04,239.0,311.0,292.0,253.0,333.21,278.49,239.02,284.45,45.45,19.02,8,2026-06-05 09:13:59.775238
S006,P009,weekly,2017-12-11,228.0,311.0,292.0,206.0,333.64,276.91,237.02,276.1,48.1,21.1,8,2026-06-05 09:13:59.775238
S006,P009,weekly,2017-12-18,234.0,311.0,292.0,262.0,334.08,276.09,237.38,285.42,51.42,21.98,8,2026-06-05 09:13:59.775238
S006,P009,weekly,2017-12-25,257.0,311.0,292.0,234.0,334.52,276.01,234.85,280.4,23.4,9.1,8,2026-06-05 09:13:59.775238
S006,P010,weekly,2017-11-06,454.0,454.0,435.5,454.0,467.35,414.66,438.08,443.93,10.07,2.22,8,2026-06-05 09:13:59.775238
S006,P010,weekly,2017-11-13,447.0,454.0,435.5,458.0,467.97,410.28,436.93,443.78,3.22,0.72,8,2026-06-05 09:13:59.775238
S006,P010,weekly,2017-11-20,465.0,454.0,435.5,382.0,468.58,406.28,404.88,425.21,39.79,8.56,8,2026-06-05 09:13:59.775238
S006,P010,weekly,2017-11-27,420.0,454.0,435.5,369.0,469.2,402.75,380.55,418.5,1.5,0.36,8,2026-06-05 09:13:59.775238
S006,P010,weekly,2017-12-04,341.0,454.0,435.5,339.0,469.82,393.95,323.11,402.56,61.56,18.05,8,2026-06-05 09:13:59.775238
S006,P010,weekly,2017-12-11,324.0,454.0,435.5,346.0,470.44,391.54,320.16,402.94,78.94,24.36,8,2026-06-05 09:13:59.775238
S006,P010,weekly,2017-12-18,341.0,454.0,435.5,309.0,471.06,389.77,315.01,395.72,54.72,16.05,8,2026-06-05 09:13:59.775238
S006,P010,weekly,2017-12-25,324.0,454.0,435.5,301.0,471.68,388.67,312.72,393.93,69.93,21.58,8,2026-06-05 09:13:59.775238
S007,P001,weekly,2017-11-06,127.0,110.0,116.5,138.0,126.65,111.77,111.97,119.15,7.85,6.18,8,2026-06-05 09:13:59.775238
S007,P001,weekly,2017-11-13,114.0,110.0,116.5,100.0,126.82,110.52,108.75,112.1,1.9,1.67,8,2026-06-05 09:13:59.775238
S007,P001,weekly,2017-11-20,128.0,110.0,116.5,99.0,126.98,109.38,104.38,111.04,16.96,13.25,8,2026-06-05 09:13:59.775238
S007,P001,weekly,2017-11-27,109.0,110.0,116.5,99.0,127.14,108.36,103.22,110.7,1.7,1.56,8,2026-06-05 09:13:59.775238
S007,P001,weekly,2017-12-04,102.0,110.0,116.5,76.0,127.3,107.53,91.76,104.85,2.85,2.79,8,2026-06-05 09:13:59.775238
S007,P001,weekly,2017-12-11,80.0,110.0,116.5,88.0,127.46,106.79,92.52,106.88,26.88,33.6,8,2026-06-05 09:13:59.775238
S007,P001,weekly,2017-12-18,82.0,110.0,116.5,105.0,127.63,106.2,92.65,109.66,27.66,33.74,8,2026-06-05 09:13:59.775238
S007,P001,weekly,2017-12-25,99.0,110.0,116.5,87.0,127.79,105.78,92.22,106.55,7.55,7.62,8,2026-06-05 09:13:59.775238
S007,P002,weekly,2017-11-06,342.0,353.0,315.75,310.0,340.93,297.93,324.08,323.62,18.38,5.38,8,2026-06-05 09:13:59.775238
S007,P002,weekly,2017-11-13,321.0,353.0,315.75,331.0,341.37,298.17,324.08,327.23,6.23,1.94,8,2026-06-05 09:13:59.775238
S007,P002,weekly,2017-11-20,324.0,353.0,315.75,330.0,341.81,298.93,323.24,327.12,3.12,0.96,8,2026-06-05 09:13:59.775238
S007,P002,weekly,2017-11-27,279.0,353.0,315.75,275.0,342.25,300.2,305.33,315.26,36.26,12.99,8,2026-06-05 09:13:59.775238
S007,P002,weekly,2017-12-04,216.0,353.0,315.75,218.0,342.69,281.48,240.01,291.82,75.82,35.1,8,2026-06-05 09:13:59.775238
S007,P002,weekly,2017-12-11,265.0,353.0,315.75,232.0,343.13,283.82,237.63,294.22,29.22,11.03,8,2026-06-05 09:13:59.775238
S007,P002,weekly,2017-12-18,252.0,353.0,315.75,246.0,343.57,286.67,238.19,297.2,45.2,17.93,8,2026-06-05 09:13:59.775238
S007,P002,weekly,2017-12-25,223.0,353.0,315.75,235.0,344.01,290.01,237.9,295.95,72.95,32.71,8,2026-06-05 09:13:59.775238
S007,P003,weekly,2017-11-06,225.0,220.0,215.25,186.0,216.53,191.17,207.43,206.07,18.93,8.42,8,2026-06-05 09:13:59.775238
S007,P003,weekly,2017-11-13,245.0,220.0,215.25,194.0,216.83,191.0,207.43,207.42,37.58,15.34,8,2026-06-05 09:13:59.775238
S007,P003,weekly,2017-11-20,193.0,220.0,215.25,213.0,217.13,190.94,207.43,210.63,17.63,9.13,8,2026-06-05 09:13:59.775238
S007,P003,weekly,2017-11-27,191.0,220.0,215.25,170.0,217.43,191.0,198.1,201.97,10.97,5.74,8,2026-06-05 09:13:59.775238
S007,P003,weekly,2017-12-04,140.0,220.0,215.25,146.0,217.73,185.06,148.93,188.83,48.83,34.88,8,2026-06-05 09:13:59.775238
S007,P003,weekly,2017-12-11,174.0,220.0,215.25,158.0,218.03,185.36,146.28,190.49,16.49,9.47,8,2026-06-05 09:13:59.775238
S007,P003,weekly,2017-12-18,148.0,220.0,215.25,151.0,218.33,185.77,144.06,189.07,41.07,27.75,8,2026-06-05 09:13:59.775238
S007,P003,weekly,2017-12-25,155.0,220.0,215.25,119.0,218.63,186.3,143.53,183.79,28.79,18.57,8,2026-06-05 09:13:59.775238
S007,P004,weekly,2017-11-06,133.0,107.0,119.5,129.0,128.04,111.29,120.54,119.23,13.77,10.36,8,2026-06-05 09:13:59.775238
S007,P004,weekly,2017-11-13,131.0,107.0,119.5,144.0,128.2,111.13,121.33,121.86,9.14,6.98,8,2026-06-05 09:13:59.775238
S007,P004,weekly,2017-11-20,134.0,107.0,119.5,120.0,128.36,111.02,118.83,117.45,16.55,12.35,8,2026-06-05 09:13:59.775238
S007,P004,weekly,2017-11-27,113.0,107.0,119.5,96.0,128.52,110.95,109.5,111.91,1.09,0.96,8,2026-06-05 09:13:59.775238
S007,P004,weekly,2017-12-04,91.0,107.0,119.5,84.0,128.68,107.42,85.22,105.3,14.3,15.72,8,2026-06-05 09:13:59.775238
S007,P004,weekly,2017-12-11,86.0,107.0,119.5,74.0,128.84,107.47,84.6,103.57,17.57,20.43,8,2026-06-05 09:13:59.775238
S007,P004,weekly,2017-12-18,70.0,107.0,119.5,77.0,129.01,107.58,85.51,104.27,34.27,48.95,8,2026-06-05 09:13:59.775238
S007,P004,weekly,2017-12-25,90.0,107.0,119.5,94.0,129.17,107.75,86.42,107.31,17.31,19.23,8,2026-06-05 09:13:59.775238
S007,P005,weekly,2017-11-06,111.0,89.0,93.5,92.0,107.67,94.05,93.61,94.97,16.03,14.44,8,2026-06-05 09:13:59.775238
S007,P005,weekly,2017-11-13,107.0,89.0,93.5,108.0,107.82,93.13,93.72,97.53,9.47,8.85,8,2026-06-05 09:13:59.775238
S007,P005,weekly,2017-11-20,114.0,89.0,93.5,91.0,107.97,92.39,92.78,94.44,19.56,17.16,8,2026-06-05 09:13:59.775238
S007,P005,weekly,2017-11-27,100.0,89.0,93.5,89.0,108.11,91.85,90.56,93.67,6.33,6.33,8,2026-06-05 09:13:59.775238
S007,P005,weekly,2017-12-04,87.0,89.0,93.5,72.0,108.26,87.18,74.85,87.47,0.47,0.53,8,2026-06-05 09:13:59.775238
S007,P005,weekly,2017-12-11,73.0,89.0,93.5,64.0,108.41,87.07,74.46,86.07,13.07,17.91,8,2026-06-05 09:13:59.775238
S007,P005,weekly,2017-12-18,83.0,89.0,93.5,71.0,108.55,87.17,73.84,87.18,4.18,5.03,8,2026-06-05 09:13:59.775238
S007,P005,weekly,2017-12-25,63.0,89.0,93.5,71.0,108.7,87.5,73.84,87.26,24.26,38.5,8,2026-06-05 09:13:59.775238
S007,P006,weekly,2017-11-06,353.0,329.0,313.25,292.0,343.56,299.84,319.05,316.12,36.88,10.45,8,2026-06-05 09:13:59.775238
S007,P006,weekly,2017-11-13,329.0,329.0,313.25,355.0,344.02,298.9,320.28,326.74,2.26,0.69,8,2026-06-05 09:13:59.775238
S007,P006,weekly,2017-11-20,333.0,329.0,313.25,310.0,344.48,298.48,318.35,318.93,14.07,4.23,8,2026-06-05 09:13:59.775238
S007,P006,weekly,2017-11-27,320.0,329.0,313.25,255.0,344.95,298.61,279.19,303.33,16.67,5.21,8,2026-06-05 09:13:59.775238
S007,P006,weekly,2017-12-04,244.0,329.0,313.25,228.0,345.41,284.83,235.91,289.4,45.4,18.61,8,2026-06-05 09:13:59.775238
S007,P006,weekly,2017-12-11,239.0,329.0,313.25,243.0,345.87,285.99,235.31,292.07,53.07,22.2,8,2026-06-05 09:13:59.775238
S007,P006,weekly,2017-12-18,233.0,329.0,313.25,245.0,346.33,287.64,234.88,292.68,59.68,25.62,8,2026-06-05 09:13:59.775238
S007,P006,weekly,2017-12-25,232.0,329.0,313.25,231.0,346.8,289.74,234.26,290.68,58.68,25.29,8,2026-06-05 09:13:59.775238
S007,P007,weekly,2017-11-06,345.0,358.0,330.0,327.0,343.13,304.47,337.58,333.36,11.64,3.37,8,2026-06-05 09:13:59.775238
S007,P007,weekly,2017-11-13,326.0,358.0,330.0,334.0,343.59,302.52,337.58,334.28,8.28,2.54,8,2026-06-05 09:13:59.775238
S007,P007,weekly,2017-11-20,358.0,358.0,330.0,316.0,344.05,300.93,332.62,330.27,27.73,7.75,8,2026-06-05 09:13:59.775238
S007,P007,weekly,2017-11-27,302.0,358.0,330.0,263.0,344.51,299.72,291.03,314.38,12.38,4.1,8,2026-06-05 09:13:59.775238
S007,P007,weekly,2017-12-04,238.0,358.0,330.0,220.0,344.97,288.23,240.59,296.96,58.96,24.77,8,2026-06-05 09:13:59.775238
S007,P007,weekly,2017-12-11,211.0,358.0,330.0,241.0,345.43,287.87,240.9,300.53,89.53,42.43,8,2026-06-05 09:13:59.775238
S007,P007,weekly,2017-12-18,267.0,358.0,330.0,249.0,345.89,287.97,242.14,302.17,35.17,13.17,8,2026-06-05 09:13:59.775238
S007,P007,weekly,2017-12-25,269.0,358.0,330.0,241.0,346.35,288.53,242.14,301.0,32.0,11.9,8,2026-06-05 09:13:59.775238
S007,P008,weekly,2017-11-06,401.0,424.0,414.75,440.0,450.46,392.93,416.8,423.15,22.15,5.52,8,2026-06-05 09:13:59.775238
S007,P008,weekly,2017-11-13,468.0,424.0,414.75,432.0,451.04,393.88,415.05,421.79,46.21,9.87,8,2026-06-05 09:13:59.775238
S007,P008,weekly,2017-11-20,457.0,424.0,414.75,432.0,451.63,395.38,412.21,421.66,35.34,7.73,8,2026-06-05 09:13:59.775238
S007,P008,weekly,2017-11-27,387.0,424.0,414.75,370.0,452.21,397.45,391.64,408.34,21.34,5.52,8,2026-06-05 09:13:59.775238
S007,P008,weekly,2017-12-04,322.0,424.0,414.75,325.0,452.8,372.24,324.6,385.56,63.56,19.74,8,2026-06-05 09:13:59.775238
S007,P008,weekly,2017-12-11,303.0,424.0,414.75,275.0,453.39,375.41,316.9,376.57,73.57,24.28,8,2026-06-05 09:13:59.775238
S007,P008,weekly,2017-12-18,298.0,424.0,414.75,314.0,453.97,379.11,316.9,383.79,85.79,28.79,8,2026-06-05 09:13:59.775238
S007,P008,weekly,2017-12-25,338.0,424.0,414.75,298.0,454.56,383.31,315.97,381.77,43.77,12.95,8,2026-06-05 09:13:59.775238
S007,P009,weekly,2017-11-06,287.0,312.0,285.25,276.0,302.71,269.63,292.1,289.61,2.61,0.91,8,2026-06-05 09:13:59.775238
S007,P009,weekly,2017-11-13,338.0,312.0,285.25,322.0,303.12,267.04,291.14,296.76,41.24,12.2,8,2026-06-05 09:13:59.775238
S007,P009,weekly,2017-11-20,315.0,312.0,285.25,278.0,303.53,264.81,286.54,288.35,26.65,8.46,8,2026-06-05 09:13:59.775238
S007,P009,weekly,2017-11-27,255.0,312.0,285.25,252.0,303.93,262.95,264.77,280.15,25.15,9.86,8,2026-06-05 09:13:59.775238
S007,P009,weekly,2017-12-04,194.0,312.0,285.25,197.0,304.34,257.11,209.39,260.85,66.85,34.46,8,2026-06-05 09:13:59.775238
S007,P009,weekly,2017-12-11,211.0,312.0,285.25,205.0,304.74,256.04,207.44,261.75,50.75,24.05,8,2026-06-05 09:13:59.775238
S007,P009,weekly,2017-12-18,205.0,312.0,285.25,201.0,305.15,255.39,207.2,261.0,56.0,27.32,8,2026-06-05 09:13:59.775238
S007,P009,weekly,2017-12-25,200.0,312.0,285.25,188.0,305.55,255.14,206.06,258.67,58.67,29.33,8,2026-06-05 09:13:59.775238
S007,P010,weekly,2017-11-06,402.0,454.0,402.0,426.0,430.15,376.47,418.06,417.78,15.78,3.93,8,2026-06-05 09:13:59.775238
S007,P010,weekly,2017-11-13,420.0,454.0,402.0,433.0,430.72,372.69,413.38,417.63,2.37,0.56,8,2026-06-05 09:13:59.775238
S007,P010,weekly,2017-11-20,443.0,454.0,402.0,389.0,431.29,369.53,408.54,409.06,33.94,7.66,8,2026-06-05 09:13:59.775238
S007,P010,weekly,2017-11-27,353.0,454.0,402.0,329.0,431.85,367.05,372.08,392.66,39.66,11.24,8,2026-06-05 09:13:59.775238
S007,P010,weekly,2017-12-04,295.0,454.0,402.0,301.0,432.42,356.63,303.25,374.88,79.88,27.08,8,2026-06-05 09:13:59.775238
S007,P010,weekly,2017-12-11,277.0,454.0,402.0,269.0,432.99,355.63,295.33,368.16,91.16,32.91,8,2026-06-05 09:13:59.775238
S007,P010,weekly,2017-12-18,283.0,454.0,402.0,296.0,433.55,355.41,294.79,372.62,89.62,31.67,8,2026-06-05 09:13:59.775238
S007,P010,weekly,2017-12-25,307.0,454.0,402.0,286.0,434.12,355.98,292.09,370.7,63.7,20.75,8,2026-06-05 09:13:59.775238
S008,P001,weekly,2017-11-06,241.0,223.0,218.5,211.0,227.54,195.27,215.22,215.09,25.91,10.75,8,2026-06-05 09:13:59.775238
S008,P001,weekly,2017-11-13,239.0,223.0,218.5,181.0,227.85,197.29,213.88,210.25,28.75,12.03,8,2026-06-05 09:13:59.775238
S008,P001,weekly,2017-11-20,225.0,223.0,218.5,234.0,228.16,199.71,213.42,219.46,5.54,2.46,8,2026-06-05 09:13:59.775238
S008,P001,weekly,2017-11-27,196.0,223.0,218.5,189.0,228.46,202.52,203.24,210.79,14.79,7.54,8,2026-06-05 09:13:59.775238
S008,P001,weekly,2017-12-04,161.0,223.0,218.5,140.0,228.77,183.03,152.87,191.03,30.03,18.65,8,2026-06-05 09:13:59.775238
S008,P001,weekly,2017-12-11,144.0,223.0,218.5,148.0,229.07,186.56,152.34,192.91,48.91,33.97,8,2026-06-05 09:13:59.775238
S008,P001,weekly,2017-12-18,162.0,223.0,218.5,162.0,229.38,190.42,153.83,196.19,34.19,21.1,8,2026-06-05 09:13:59.775238
S008,P001,weekly,2017-12-25,167.0,223.0,218.5,153.0,229.69,194.56,153.88,195.44,28.44,17.03,8,2026-06-05 09:13:59.775238
S008,P002,weekly,2017-11-06,647.0,573.0,547.25,572.0,604.16,527.91,552.81,562.86,84.14,13.01,8,2026-06-05 09:13:59.775238
S008,P002,weekly,2017-11-13,574.0,573.0,547.25,593.0,604.97,527.65,553.03,566.48,7.52,1.31,8,2026-06-05 09:13:59.775238
S008,P002,weekly,2017-11-20,555.0,573.0,547.25,575.0,605.78,528.04,550.53,563.27,8.27,1.49,8,2026-06-05 09:13:59.775238
S008,P002,weekly,2017-11-27,543.0,573.0,547.25,538.0,606.59,529.08,538.01,555.32,12.32,2.27,8,2026-06-05 09:13:59.775238
S008,P002,weekly,2017-12-04,432.0,573.0,547.25,398.0,607.4,502.12,411.35,506.52,74.52,17.25,8,2026-06-05 09:13:59.775238
S008,P002,weekly,2017-12-11,406.0,573.0,547.25,435.0,608.21,504.45,407.4,512.55,106.55,26.24,8,2026-06-05 09:13:59.775238
S008,P002,weekly,2017-12-18,421.0,573.0,547.25,426.0,609.03,507.41,408.15,511.81,90.81,21.57,8,2026-06-05 09:13:59.775238
S008,P002,weekly,2017-12-25,492.0,573.0,547.25,406.0,609.84,510.95,407.64,509.11,17.11,3.48,8,2026-06-05 09:13:59.775238
S008,P003,weekly,2017-11-06,364.0,353.0,354.5,322.0,377.98,329.88,348.29,347.61,16.39,4.5,8,2026-06-05 09:13:59.775238
S008,P003,weekly,2017-11-13,401.0,353.0,354.5,367.0,378.48,329.67,348.44,355.18,45.82,11.43,8,2026-06-05 09:13:59.775238
S008,P003,weekly,2017-11-20,382.0,353.0,354.5,353.0,378.97,330.17,346.26,352.65,29.35,7.68,8,2026-06-05 09:13:59.775238
S008,P003,weekly,2017-11-27,359.0,353.0,354.5,310.0,379.47,331.39,323.62,342.0,17.0,4.74,8,2026-06-05 09:13:59.775238
S008,P003,weekly,2017-12-04,234.0,353.0,354.5,260.0,379.96,310.37,256.74,319.1,85.1,36.37,8,2026-06-05 09:13:59.775238
S008,P003,weekly,2017-12-11,268.0,353.0,354.5,256.0,380.45,313.01,256.66,318.94,50.94,19.01,8,2026-06-05 09:13:59.775238
S008,P003,weekly,2017-12-18,265.0,353.0,354.5,244.0,380.95,316.31,256.66,317.57,52.57,19.84,8,2026-06-05 09:13:59.775238
S008,P003,weekly,2017-12-25,283.0,353.0,354.5,275.0,381.44,320.25,257.39,323.6,40.6,14.35,8,2026-06-05 09:13:59.775238
S008,P004,weekly,2017-11-06,228.0,209.0,218.0,222.0,224.58,198.86,214.47,214.49,13.51,5.93,8,2026-06-05 09:13:59.775238
S008,P004,weekly,2017-11-13,218.0,209.0,218.0,216.0,224.87,197.5,214.47,213.31,4.69,2.15,8,2026-06-05 09:13:59.775238
S008,P004,weekly,2017-11-20,221.0,209.0,218.0,216.0,225.15,196.27,212.99,212.9,8.1,3.66,8,2026-06-05 09:13:59.775238
S008,P004,weekly,2017-11-27,180.0,209.0,218.0,182.0,225.43,195.21,199.1,204.79,24.79,13.77,8,2026-06-05 09:13:59.775238
S008,P004,weekly,2017-12-04,146.0,209.0,218.0,170.0,225.71,189.76,158.61,195.18,49.18,33.68,8,2026-06-05 09:13:59.775238
S008,P004,weekly,2017-12-11,137.0,209.0,218.0,154.0,225.99,189.12,156.49,192.1,55.1,40.22,8,2026-06-05 09:13:59.775238
S008,P004,weekly,2017-12-18,139.0,209.0,218.0,169.0,226.27,188.73,155.83,194.47,55.47,39.91,8,2026-06-05 09:13:59.775238
S008,P004,weekly,2017-12-25,140.0,209.0,218.0,145.0,226.55,188.62,155.63,190.47,50.47,36.05,8,2026-06-05 09:13:59.775238
S008,P005,weekly,2017-11-06,208.0,197.0,183.75,170.0,189.58,167.12,183.49,181.82,26.18,12.59,8,2026-06-05 09:13:59.775238
S008,P005,weekly,2017-11-13,207.0,197.0,183.75,179.0,189.84,167.25,183.4,183.37,23.63,11.41,8,2026-06-05 09:13:59.775238
S008,P005,weekly,2017-11-20,209.0,197.0,183.75,206.0,190.1,167.72,189.92,189.08,19.92,9.53,8,2026-06-05 09:13:59.775238
S008,P005,weekly,2017-11-27,163.0,197.0,183.75,163.0,190.36,168.52,172.32,179.16,16.16,9.91,8,2026-06-05 09:13:59.775238
S008,P005,weekly,2017-12-04,137.0,197.0,183.75,160.0,190.62,159.08,139.82,171.71,34.71,25.34,8,2026-06-05 09:13:59.775238
S008,P005,weekly,2017-12-11,128.0,197.0,183.75,126.0,190.88,160.55,127.88,164.34,36.34,28.39,8,2026-06-05 09:13:59.775238
S008,P005,weekly,2017-12-18,147.0,197.0,183.75,110.0,191.14,162.34,126.68,161.82,14.82,10.08,8,2026-06-05 09:13:59.775238
S008,P005,weekly,2017-12-25,151.0,197.0,183.75,133.0,191.4,164.45,127.4,166.17,15.17,10.04,8,2026-06-05 09:13:59.775238
S008,P006,weekly,2017-11-06,596.0,571.0,541.0,556.0,601.84,523.22,557.98,558.51,37.49,6.29,8,2026-06-05 09:13:59.775238
S008,P006,weekly,2017-11-13,614.0,571.0,541.0,591.0,602.62,520.86,559.03,564.25,49.75,8.1,8,2026-06-05 09:13:59.775238
S008,P006,weekly,2017-11-20,637.0,571.0,541.0,591.0,603.4,519.13,556.21,563.62,73.38,11.52,8,2026-06-05 09:13:59.775238
S008,P006,weekly,2017-11-27,527.0,571.0,541.0,470.0,604.18,518.06,505.79,535.0,8.0,1.52,8,2026-06-05 09:13:59.775238
S008,P006,weekly,2017-12-04,431.0,571.0,541.0,382.0,604.95,494.62,400.98,499.09,68.09,15.8,8,2026-06-05 09:13:59.775238
S008,P006,weekly,2017-12-11,421.0,571.0,541.0,404.0,605.73,494.94,399.36,502.67,81.67,19.4,8,2026-06-05 09:13:59.775238
S008,P006,weekly,2017-12-18,422.0,571.0,541.0,390.0,606.51,495.95,399.36,500.64,78.64,18.63,8,2026-06-05 09:13:59.775238
S008,P006,weekly,2017-12-25,444.0,571.0,541.0,384.0,607.28,497.64,399.11,500.0,56.0,12.61,8,2026-06-05 09:13:59.775238
S008,P007,weekly,2017-11-06,615.0,649.0,574.0,539.0,598.92,521.54,609.12,581.93,33.07,5.38,8,2026-06-05 09:13:59.775238
S008,P007,weekly,2017-11-13,616.0,649.0,574.0,575.0,599.69,522.26,609.53,588.25,27.75,4.51,8,2026-06-05 09:13:59.775238
S008,P007,weekly,2017-11-20,626.0,649.0,574.0,587.0,600.46,523.64,610.38,590.75,35.25,5.63,8,2026-06-05 09:13:59.775238
S008,P007,weekly,2017-11-27,528.0,649.0,574.0,518.0,601.23,525.72,587.05,575.83,47.83,9.06,8,2026-06-05 09:13:59.775238
S008,P007,weekly,2017-12-04,437.0,649.0,574.0,418.0,601.99,494.7,415.74,525.57,88.57,20.27,8,2026-06-05 09:13:59.775238
S008,P007,weekly,2017-12-11,440.0,649.0,574.0,433.0,602.76,498.19,410.96,527.99,87.99,20.0,8,2026-06-05 09:13:59.775238
S008,P007,weekly,2017-12-18,415.0,649.0,574.0,410.0,603.53,502.36,410.86,524.96,109.96,26.5,8,2026-06-05 09:13:59.775238
S008,P007,weekly,2017-12-25,439.0,649.0,574.0,413.0,604.3,507.21,410.32,526.31,87.31,19.89,8,2026-06-05 09:13:59.775238
S008,P008,weekly,2017-11-06,796.0,842.0,777.25,748.0,798.23,697.95,791.7,775.86,20.14,2.53,8,2026-06-05 09:13:59.775238
S008,P008,weekly,2017-11-13,826.0,842.0,777.25,728.0,799.32,694.1,791.7,772.06,53.94,6.53,8,2026-06-05 09:13:59.775238
S008,P008,weekly,2017-11-20,800.0,842.0,777.25,746.0,800.4,690.79,785.79,773.71,26.29,3.29,8,2026-06-05 09:13:59.775238
S008,P008,weekly,2017-11-27,661.0,842.0,777.25,643.0,801.48,688.15,752.44,750.72,89.72,13.57,8,2026-06-05 09:13:59.775238
S008,P008,weekly,2017-12-04,534.0,842.0,777.25,564.0,802.56,663.81,562.11,701.95,167.95,31.45,8,2026-06-05 09:13:59.775238
S008,P008,weekly,2017-12-11,603.0,842.0,777.25,538.0,803.65,662.76,551.26,695.82,92.82,15.39,8,2026-06-05 09:13:59.775238
S008,P008,weekly,2017-12-18,558.0,842.0,777.25,528.0,804.73,662.63,548.92,693.92,135.92,24.36,8,2026-06-05 09:13:59.775238
S008,P008,weekly,2017-12-25,532.0,842.0,777.25,526.0,805.81,663.47,547.43,693.66,161.66,30.39,8,2026-06-05 09:13:59.775238
S008,P009,weekly,2017-11-06,561.0,502.0,484.25,507.0,534.96,470.42,493.91,498.76,62.24,11.1,8,2026-06-05 09:13:59.775238
S008,P009,weekly,2017-11-13,554.0,502.0,484.25,538.0,535.69,466.82,494.9,503.61,50.39,9.1,8,2026-06-05 09:13:59.775238
S008,P009,weekly,2017-11-20,535.0,502.0,484.25,513.0,536.43,463.83,492.39,498.65,36.35,6.79,8,2026-06-05 09:13:59.775238
S008,P009,weekly,2017-11-27,465.0,502.0,484.25,449.0,537.16,461.5,472.24,484.36,19.36,4.16,8,2026-06-05 09:13:59.775238
S008,P009,weekly,2017-12-04,373.0,502.0,484.25,389.0,537.9,447.87,380.52,456.92,83.92,22.5,8,2026-06-05 09:13:59.775238
S008,P009,weekly,2017-12-11,365.0,502.0,484.25,339.0,538.63,446.99,372.18,447.17,82.17,22.51,8,2026-06-05 09:13:59.775238
S008,P009,weekly,2017-12-18,376.0,502.0,484.25,326.0,539.36,446.86,367.36,444.31,68.31,18.17,8,2026-06-05 09:13:59.775238
S008,P009,weekly,2017-12-25,402.0,502.0,484.25,354.0,540.1,447.51,367.89,449.29,47.29,11.76,8,2026-06-05 09:13:59.775238
S008,P010,weekly,2017-11-06,788.0,718.0,733.0,739.0,757.58,676.48,716.49,723.42,64.58,8.19,8,2026-06-05 09:13:59.775238
S008,P010,weekly,2017-11-13,739.0,718.0,733.0,738.0,758.59,668.08,716.49,722.03,16.97,2.3,8,2026-06-05 09:13:59.775238
S008,P010,weekly,2017-11-20,709.0,718.0,733.0,711.0,759.61,660.52,708.29,715.07,6.07,0.86,8,2026-06-05 09:13:59.775238
S008,P010,weekly,2017-11-27,663.0,718.0,733.0,602.0,760.62,653.89,636.64,684.02,21.02,3.17,8,2026-06-05 09:13:59.775238
S008,P010,weekly,2017-12-04,535.0,718.0,733.0,524.0,761.64,645.86,530.37,652.15,117.15,21.9,8,2026-06-05 09:13:59.775238
S008,P010,weekly,2017-12-11,513.0,718.0,733.0,527.0,762.66,641.27,529.46,651.9,138.9,27.08,8,2026-06-05 09:13:59.775238
S008,P010,weekly,2017-12-18,532.0,718.0,733.0,540.0,763.67,637.76,529.7,653.69,121.69,22.87,8,2026-06-05 09:13:59.775238
S008,P010,weekly,2017-12-25,515.0,718.0,733.0,536.0,764.69,635.36,529.7,652.79,137.79,26.76,8,2026-06-05 09:13:59.775238
S009,P001,weekly,2017-11-06,177.0,171.0,177.0,202.0,197.45,169.18,178.75,182.56,5.56,3.14,8,2026-06-05 09:13:59.775238
S009,P001,weekly,2017-11-13,180.0,171.0,177.0,192.0,197.71,168.72,177.69,180.69,0.69,0.38,8,2026-06-05 09:13:59.775238
S009,P001,weekly,2017-11-20,190.0,171.0,177.0,167.0,197.98,168.6,169.44,175.17,14.83,7.8,8,2026-06-05 09:13:59.775238
S009,P001,weekly,2017-11-27,167.0,171.0,177.0,163.0,198.25,168.8,169.2,174.54,7.54,4.52,8,2026-06-05 09:13:59.775238
S009,P001,weekly,2017-12-04,128.0,171.0,177.0,137.0,198.52,157.87,135.75,162.86,34.86,27.23,8,2026-06-05 09:13:59.775238
S009,P001,weekly,2017-12-11,126.0,171.0,177.0,106.0,198.79,158.69,132.56,157.34,31.34,24.87,8,2026-06-05 09:13:59.775238
S009,P001,weekly,2017-12-18,144.0,171.0,177.0,127.0,199.05,159.79,131.6,160.91,16.91,11.74,8,2026-06-05 09:13:59.775238
S009,P001,weekly,2017-12-25,132.0,171.0,177.0,134.0,199.32,161.16,131.74,162.37,30.37,23.01,8,2026-06-05 09:13:59.775238
S009,P002,weekly,2017-11-06,500.0,519.0,495.5,514.0,515.96,455.16,500.93,500.09,0.09,0.02,8,2026-06-05 09:13:59.775238
S009,P002,weekly,2017-11-13,535.0,519.0,495.5,501.0,516.62,452.29,500.93,497.56,37.44,7.0,8,2026-06-05 09:13:59.775238
S009,P002,weekly,2017-11-20,516.0,519.0,495.5,490.0,517.28,450.03,490.76,493.76,22.24,4.31,8,2026-06-05 09:13:59.775238
S009,P002,weekly,2017-11-27,426.0,519.0,495.5,384.0,517.94,448.4,440.32,467.53,41.53,9.75,8,2026-06-05 09:13:59.775238
S009,P002,weekly,2017-12-04,397.0,519.0,495.5,335.0,518.6,432.99,353.85,442.49,45.49,11.46,8,2026-06-05 09:13:59.775238
S009,P002,weekly,2017-12-11,347.0,519.0,495.5,358.0,519.26,432.7,352.86,446.22,99.22,28.59,8,2026-06-05 09:13:59.775238
S009,P002,weekly,2017-12-18,359.0,519.0,495.5,382.0,519.92,433.09,354.08,450.6,91.6,25.51,8,2026-06-05 09:13:59.775238
S009,P002,weekly,2017-12-25,386.0,519.0,495.5,366.0,520.58,434.16,354.08,448.22,62.22,16.12,8,2026-06-05 09:13:59.775238
S009,P003,weekly,2017-11-06,321.0,319.0,307.0,311.0,320.76,281.79,302.45,307.0,14.0,4.36,8,2026-06-05 09:13:59.775238
S009,P003,weekly,2017-11-13,345.0,319.0,307.0,261.0,321.16,280.11,299.87,298.02,46.98,13.62,8,2026-06-05 09:13:59.775238
S009,P003,weekly,2017-11-20,312.0,319.0,307.0,306.0,321.57,278.63,299.55,305.29,6.71,2.15,8,2026-06-05 09:13:59.775238
S009,P003,weekly,2017-11-27,264.0,319.0,307.0,245.0,321.97,277.38,278.2,291.42,27.42,10.39,8,2026-06-05 09:13:59.775238
S009,P003,weekly,2017-12-04,244.0,319.0,307.0,226.0,322.37,269.88,230.27,279.09,35.09,14.38,8,2026-06-05 09:13:59.775238
S009,P003,weekly,2017-12-11,237.0,319.0,307.0,230.0,322.78,269.15,228.9,279.47,42.47,17.92,8,2026-06-05 09:13:59.775238
S009,P003,weekly,2017-12-18,230.0,319.0,307.0,197.0,323.18,268.72,228.53,273.91,43.91,19.09,8,2026-06-05 09:13:59.775238
S009,P003,weekly,2017-12-25,222.0,319.0,307.0,229.0,323.59,268.6,228.16,279.22,57.22,25.78,8,2026-06-05 09:13:59.775238
S009,P004,weekly,2017-11-06,191.0,171.0,174.0,184.0,192.0,168.15,170.44,176.6,14.4,7.54,8,2026-06-05 09:13:59.775238
S009,P004,weekly,2017-11-13,199.0,171.0,174.0,158.0,192.24,166.22,168.9,171.73,27.27,13.71,8,2026-06-05 09:13:59.775238
S009,P004,weekly,2017-11-20,228.0,171.0,174.0,173.0,192.47,164.57,170.47,174.25,53.75,23.57,8,2026-06-05 09:13:59.775238
S009,P004,weekly,2017-11-27,179.0,171.0,174.0,155.0,192.71,163.23,169.24,170.86,8.14,4.55,8,2026-06-05 09:13:59.775238
S009,P004,weekly,2017-12-04,135.0,171.0,174.0,154.0,192.95,159.12,140.23,165.22,30.22,22.38,8,2026-06-05 09:13:59.775238
S009,P004,weekly,2017-12-11,151.0,171.0,174.0,128.0,193.19,158.44,133.19,159.64,8.64,5.72,8,2026-06-05 09:13:59.775238
S009,P004,weekly,2017-12-18,140.0,171.0,174.0,144.0,193.43,158.09,129.63,161.69,21.69,15.49,8,2026-06-05 09:13:59.775238
S009,P004,weekly,2017-12-25,137.0,171.0,174.0,125.0,193.67,158.09,128.88,158.44,21.44,15.65,8,2026-06-05 09:13:59.775238
S009,P005,weekly,2017-11-06,167.0,150.0,140.5,153.0,160.69,138.74,145.29,148.04,18.96,11.36,8,2026-06-05 09:13:59.775238
S009,P005,weekly,2017-11-13,173.0,150.0,140.5,167.0,160.9,139.35,145.12,150.48,22.52,13.02,8,2026-06-05 09:13:59.775238
S009,P005,weekly,2017-11-20,155.0,150.0,140.5,145.0,161.1,140.11,144.28,146.83,8.17,5.27,8,2026-06-05 09:13:59.775238
S009,P005,weekly,2017-11-27,130.0,150.0,140.5,125.0,161.31,141.0,136.93,142.46,12.46,9.58,8,2026-06-05 09:13:59.775238
S009,P005,weekly,2017-12-04,120.0,150.0,140.5,106.0,161.51,133.41,107.91,133.22,13.22,11.02,8,2026-06-05 09:13:59.775238
S009,P005,weekly,2017-12-11,104.0,150.0,140.5,101.0,161.71,134.63,106.93,132.46,28.46,27.37,8,2026-06-05 09:13:59.775238
S009,P005,weekly,2017-12-18,126.0,150.0,140.5,88.0,161.92,136.02,105.11,130.26,4.26,3.38,8,2026-06-05 09:13:59.775238
S009,P005,weekly,2017-12-25,123.0,150.0,140.5,107.0,162.12,137.58,110.7,134.65,11.65,9.47,8,2026-06-05 09:13:59.775238
S009,P006,weekly,2017-11-06,488.0,502.0,486.25,501.0,517.44,456.77,476.13,489.93,1.93,0.4,8,2026-06-05 09:13:59.775238
S009,P006,weekly,2017-11-13,541.0,502.0,486.25,460.0,518.13,454.03,470.5,481.82,59.18,10.94,8,2026-06-05 09:13:59.775238
S009,P006,weekly,2017-11-20,489.0,502.0,486.25,488.0,518.82,451.85,470.5,486.24,2.76,0.57,8,2026-06-05 09:13:59.775238
S009,P006,weekly,2017-11-27,438.0,502.0,486.25,402.0,519.51,450.31,434.6,465.78,27.78,6.34,8,2026-06-05 09:13:59.775238
S009,P006,weekly,2017-12-04,374.0,502.0,486.25,351.0,520.2,431.84,354.43,440.95,66.95,17.9,8,2026-06-05 09:13:59.775238
S009,P006,weekly,2017-12-11,350.0,502.0,486.25,330.0,520.89,431.66,352.8,437.27,87.27,24.93,8,2026-06-05 09:13:59.775238
S009,P006,weekly,2017-12-18,394.0,502.0,486.25,369.0,521.58,432.2,352.53,443.93,49.93,12.67,8,2026-06-05 09:13:59.775238
S009,P006,weekly,2017-12-25,350.0,502.0,486.25,350.0,522.27,433.49,351.02,440.84,90.84,25.95,8,2026-06-05 09:13:59.775238
S009,P007,weekly,2017-11-06,523.0,482.0,479.0,500.0,517.87,452.77,474.88,484.42,38.58,7.38,8,2026-06-05 09:13:59.775238
S009,P007,weekly,2017-11-13,493.0,482.0,479.0,476.0,518.55,450.02,474.88,480.08,12.92,2.62,8,2026-06-05 09:13:59.775238
S009,P007,weekly,2017-11-20,500.0,482.0,479.0,535.0,519.22,447.92,480.74,490.65,9.35,1.87,8,2026-06-05 09:13:59.775238
S009,P007,weekly,2017-11-27,446.0,482.0,479.0,365.0,519.89,446.5,415.17,451.26,5.26,1.18,8,2026-06-05 09:13:59.775238
S009,P007,weekly,2017-12-04,374.0,482.0,479.0,359.0,520.57,432.98,353.67,437.87,63.87,17.08,8,2026-06-05 09:13:59.775238
S009,P007,weekly,2017-12-11,353.0,482.0,479.0,346.0,521.24,432.98,352.28,435.58,82.58,23.39,8,2026-06-05 09:13:59.775238
S009,P007,weekly,2017-12-18,376.0,482.0,479.0,341.0,521.91,433.72,352.58,435.03,59.03,15.7,8,2026-06-05 09:13:59.775238
S009,P007,weekly,2017-12-25,393.0,482.0,479.0,347.0,522.58,435.18,352.29,436.34,43.34,11.03,8,2026-06-05 09:13:59.775238
S009,P008,weekly,2017-11-06,654.0,717.0,646.25,642.0,684.22,603.41,669.84,660.45,6.45,0.99,8,2026-06-05 09:13:59.775238
S009,P008,weekly,2017-11-13,675.0,717.0,646.25,662.0,685.13,598.28,661.19,661.64,13.36,1.98,8,2026-06-05 09:13:59.775238
S009,P008,weekly,2017-11-20,694.0,717.0,646.25,601.0,686.04,593.89,652.94,649.52,44.48,6.41,8,2026-06-05 09:13:59.775238
S009,P008,weekly,2017-11-27,610.0,717.0,646.25,512.0,686.95,590.3,589.84,623.72,13.72,2.25,8,2026-06-05 09:13:59.775238
S009,P008,weekly,2017-12-04,518.0,717.0,646.25,428.0,687.86,570.02,449.91,583.17,65.17,12.58,8,2026-06-05 09:13:59.775238
S009,P008,weekly,2017-12-11,469.0,717.0,646.25,443.0,688.77,568.18,447.9,585.18,116.18,24.77,8,2026-06-05 09:13:59.775238
S009,P008,weekly,2017-12-18,479.0,717.0,646.25,436.0,689.68,567.28,448.24,584.07,105.07,21.94,8,2026-06-05 09:13:59.775238
S009,P008,weekly,2017-12-25,468.0,717.0,646.25,422.0,690.59,567.31,447.09,581.71,113.71,24.3,8,2026-06-05 09:13:59.775238
S009,P009,weekly,2017-11-06,456.0,495.0,426.25,455.0,453.28,396.34,451.82,446.28,9.72,2.13,8,2026-06-05 09:13:59.775238
S009,P009,weekly,2017-11-13,451.0,495.0,426.25,436.0,453.87,396.08,451.41,443.1,7.9,1.75,8,2026-06-05 09:13:59.775238
S009,P009,weekly,2017-11-20,426.0,495.0,426.25,464.0,454.46,396.3,451.41,447.9,21.9,5.14,8,2026-06-05 09:13:59.775238
S009,P009,weekly,2017-11-27,376.0,495.0,426.25,336.0,455.05,397.02,424.07,422.23,46.23,12.3,8,2026-06-05 09:13:59.775238
S009,P009,weekly,2017-12-04,319.0,495.0,426.25,268.0,455.63,372.76,308.69,387.72,68.72,21.54,8,2026-06-05 09:13:59.775238
S009,P009,weekly,2017-12-11,298.0,495.0,426.25,313.0,456.22,374.42,304.18,394.85,96.85,32.5,8,2026-06-05 09:13:59.775238
S009,P009,weekly,2017-12-18,325.0,495.0,426.25,308.0,456.81,376.51,305.33,394.65,69.65,21.43,8,2026-06-05 09:13:59.775238
S009,P009,weekly,2017-12-25,343.0,495.0,426.25,288.0,457.4,379.02,303.93,391.6,48.6,14.17,8,2026-06-05 09:13:59.775238
S009,P010,weekly,2017-11-06,649.0,650.0,625.75,641.0,652.0,576.87,620.66,627.71,21.29,3.28,8,2026-06-05 09:13:59.775238
S009,P010,weekly,2017-11-13,648.0,650.0,625.75,647.0,652.89,572.01,620.66,628.05,19.95,3.08,8,2026-06-05 09:13:59.775238
S009,P010,weekly,2017-11-20,654.0,650.0,625.75,611.0,653.78,567.97,610.69,619.87,34.13,5.22,8,2026-06-05 09:13:59.775238
S009,P010,weekly,2017-11-27,503.0,650.0,625.75,481.0,654.66,564.85,524.88,583.52,80.52,16.01,8,2026-06-05 09:13:59.775238
S009,P010,weekly,2017-12-04,465.0,650.0,625.75,452.0,655.55,546.06,460.89,565.04,100.04,21.51,8,2026-06-05 09:13:59.775238
S009,P010,weekly,2017-12-11,485.0,650.0,625.75,463.0,656.43,544.92,451.99,565.35,80.35,16.57,8,2026-06-05 09:13:59.775238
S009,P010,weekly,2017-12-18,463.0,650.0,625.75,443.0,657.32,544.82,449.45,561.72,98.72,21.32,8,2026-06-05 09:13:59.775238
S009,P010,weekly,2017-12-25,453.0,650.0,625.75,398.0,658.21,545.8,447.23,554.16,101.16,22.33,8,2026-06-05 09:13:59.775238
S010,P001,weekly,2017-11-06,195.0,192.0,193.0,206.0,207.59,185.73,193.13,196.24,1.24,0.64,8,2026-06-05 09:13:59.775238
S010,P001,weekly,2017-11-13,210.0,192.0,193.0,192.0,207.86,183.2,193.13,193.53,16.47,7.84,8,2026-06-05 09:13:59.775238
S010,P001,weekly,2017-11-20,192.0,192.0,193.0,206.0,208.13,180.89,192.19,195.37,3.37,1.75,8,2026-06-05 09:13:59.775238
S010,P001,weekly,2017-11-27,178.0,192.0,193.0,179.0,208.4,178.83,188.21,189.91,11.91,6.69,8,2026-06-05 09:13:59.775238
S010,P001,weekly,2017-12-04,130.0,192.0,193.0,164.0,208.67,177.23,148.17,180.51,50.51,38.86,8,2026-06-05 09:13:59.775238
S010,P001,weekly,2017-12-11,144.0,192.0,193.0,122.0,208.94,175.74,144.11,172.63,28.63,19.88,8,2026-06-05 09:13:59.775238
S010,P001,weekly,2017-12-18,148.0,192.0,193.0,146.0,209.22,174.57,143.5,176.38,28.38,19.18,8,2026-06-05 09:13:59.775238
S010,P001,weekly,2017-12-25,133.0,192.0,193.0,155.0,209.49,173.73,143.5,177.79,44.79,33.67,8,2026-06-05 09:13:59.775238
S010,P002,weekly,2017-11-06,538.0,494.0,511.5,511.0,551.87,479.21,508.03,509.27,28.73,5.34,8,2026-06-05 09:13:59.775238
S010,P002,weekly,2017-11-13,554.0,494.0,511.5,538.0,552.61,478.31,508.51,513.82,40.18,7.25,8,2026-06-05 09:13:59.775238
S010,P002,weekly,2017-11-20,552.0,494.0,511.5,516.0,553.34,478.02,498.37,508.54,43.46,7.87,8,2026-06-05 09:13:59.775238
S010,P002,weekly,2017-11-27,473.0,494.0,511.5,425.0,554.07,478.35,442.65,484.26,11.26,2.38,8,2026-06-05 09:13:59.775238
S010,P002,weekly,2017-12-04,389.0,494.0,511.5,405.0,554.81,451.82,392.67,468.3,79.3,20.39,8,2026-06-05 09:13:59.775238
S010,P002,weekly,2017-12-11,419.0,494.0,511.5,356.0,555.54,453.41,387.92,459.73,40.73,9.72,8,2026-06-05 09:13:59.775238
S010,P002,weekly,2017-12-18,372.0,494.0,511.5,387.0,556.27,455.61,382.86,464.54,92.54,24.88,8,2026-06-05 09:13:59.775238
S010,P002,weekly,2017-12-25,362.0,494.0,511.5,353.0,557.01,458.41,382.67,459.43,97.43,26.91,8,2026-06-05 09:13:59.775238
S010,P003,weekly,2017-11-06,376.0,360.0,330.25,339.0,347.69,304.21,338.28,336.57,39.43,10.49,8,2026-06-05 09:13:59.775238
S010,P003,weekly,2017-11-13,335.0,360.0,330.25,345.0,348.16,305.36,337.88,337.78,2.78,0.83,8,2026-06-05 09:13:59.775238
S010,P003,weekly,2017-11-20,343.0,360.0,330.25,345.0,348.63,306.95,336.98,337.97,5.03,1.47,8,2026-06-05 09:13:59.775238
S010,P003,weekly,2017-11-27,289.0,360.0,330.25,302.0,349.1,308.96,329.16,329.91,40.91,14.16,8,2026-06-05 09:13:59.775238
S010,P003,weekly,2017-12-04,238.0,360.0,330.25,231.0,349.58,285.22,232.45,298.08,60.08,25.24,8,2026-06-05 09:13:59.775238
S010,P003,weekly,2017-12-11,221.0,360.0,330.25,241.0,350.05,287.99,230.14,299.9,78.9,35.7,8,2026-06-05 09:13:59.775238
S010,P003,weekly,2017-12-18,237.0,360.0,330.25,220.0,350.52,291.09,229.73,296.93,59.93,25.29,8,2026-06-05 09:13:59.775238
S010,P003,weekly,2017-12-25,237.0,360.0,330.25,231.0,350.99,294.48,229.53,299.38,62.38,26.32,8,2026-06-05 09:13:59.775238
S010,P004,weekly,2017-11-06,183.0,198.0,207.25,223.0,207.12,184.68,199.77,203.3,20.3,11.09,8,2026-06-05 09:13:59.775238
S010,P004,weekly,2017-11-13,173.0,198.0,207.25,181.0,207.38,182.07,187.05,193.79,20.79,12.02,8,2026-06-05 09:13:59.775238
S010,P004,weekly,2017-11-20,215.0,198.0,207.25,187.0,207.65,179.73,185.38,194.17,20.83,9.69,8,2026-06-05 09:13:59.775238
S010,P004,weekly,2017-11-27,164.0,198.0,207.25,154.0,207.92,177.69,175.5,186.73,22.73,13.86,8,2026-06-05 09:13:59.775238
S010,P004,weekly,2017-12-04,148.0,198.0,207.25,135.0,208.18,175.95,141.89,177.71,29.71,20.08,8,2026-06-05 09:13:59.775238
S010,P004,weekly,2017-12-11,136.0,198.0,207.25,139.0,208.45,174.61,141.09,178.07,42.07,30.93,8,2026-06-05 09:13:59.775238
S010,P004,weekly,2017-12-18,143.0,198.0,207.25,136.0,208.72,173.66,141.03,177.44,34.44,24.09,8,2026-06-05 09:13:59.775238
S010,P004,weekly,2017-12-25,154.0,198.0,207.25,127.0,208.99,173.12,141.03,175.9,21.9,14.22,8,2026-06-05 09:13:59.775238
S010,P005,weekly,2017-11-06,163.0,176.0,162.5,179.0,174.74,154.15,165.64,168.67,5.67,3.48,8,2026-06-05 09:13:59.775238
S010,P005,weekly,2017-11-13,159.0,176.0,162.5,188.0,174.98,153.73,165.64,170.14,11.14,7.01,8,2026-06-05 09:13:59.775238
S010,P005,weekly,2017-11-20,179.0,176.0,162.5,160.0,175.22,153.39,163.06,165.03,13.97,7.81,8,2026-06-05 09:13:59.775238
S010,P005,weekly,2017-11-27,142.0,176.0,162.5,136.0,175.46,153.17,156.64,159.96,17.96,12.65,8,2026-06-05 09:13:59.775238
S010,P005,weekly,2017-12-04,135.0,176.0,162.5,125.0,175.7,150.35,128.21,152.96,17.96,13.3,8,2026-06-05 09:13:59.775238
S010,P005,weekly,2017-12-11,131.0,176.0,162.5,127.0,175.93,150.4,128.61,153.41,22.41,17.1,8,2026-06-05 09:13:59.775238
S010,P005,weekly,2017-12-18,122.0,176.0,162.5,116.0,176.17,150.6,128.05,151.55,29.55,24.22,8,2026-06-05 09:13:59.775238
S010,P005,weekly,2017-12-25,119.0,176.0,162.5,135.0,176.41,150.97,129.36,155.04,36.04,30.29,8,2026-06-05 09:13:59.775238
S010,P006,weekly,2017-11-06,469.0,519.0,511.5,523.0,551.28,485.01,511.91,516.95,47.95,10.22,8,2026-06-05 09:13:59.775238
S010,P006,weekly,2017-11-13,563.0,519.0,511.5,568.0,552.01,480.52,514.89,524.32,38.68,6.87,8,2026-06-05 09:13:59.775238
S010,P006,weekly,2017-11-20,534.0,519.0,511.5,519.0,552.73,476.78,510.85,514.98,19.02,3.56,8,2026-06-05 09:13:59.775238
S010,P006,weekly,2017-11-27,469.0,519.0,511.5,404.0,553.46,473.89,443.32,484.19,15.19,3.24,8,2026-06-05 09:13:59.775238
S010,P006,weekly,2017-12-04,443.0,519.0,511.5,371.0,554.19,454.92,373.93,464.09,21.09,4.76,8,2026-06-05 09:13:59.775238
S010,P006,weekly,2017-12-11,437.0,519.0,511.5,366.0,554.92,453.91,373.41,463.12,26.12,5.98,8,2026-06-05 09:13:59.775238
S010,P006,weekly,2017-12-18,389.0,519.0,511.5,395.0,555.64,453.91,374.28,468.22,79.22,20.37,8,2026-06-05 09:13:59.775238
S010,P006,weekly,2017-12-25,380.0,519.0,511.5,376.0,556.37,454.96,374.28,465.35,85.35,22.46,8,2026-06-05 09:13:59.775238
S010,P007,weekly,2017-11-06,537.0,529.0,508.5,516.0,552.94,482.03,504.22,515.45,21.55,4.01,8,2026-06-05 09:13:59.775238
S010,P007,weekly,2017-11-13,511.0,529.0,508.5,518.0,553.66,480.05,503.56,515.46,4.46,0.87,8,2026-06-05 09:13:59.775238
S010,P007,weekly,2017-11-20,531.0,529.0,508.5,496.0,554.39,478.83,498.05,510.79,20.21,3.81,8,2026-06-05 09:13:59.775238
S010,P007,weekly,2017-11-27,455.0,529.0,508.5,390.0,555.11,478.39,452.56,485.59,30.59,6.72,8,2026-06-05 09:13:59.775238
S010,P007,weekly,2017-12-04,374.0,529.0,508.5,373.0,555.84,451.66,369.84,464.64,90.64,24.24,8,2026-06-05 09:13:59.775238
S010,P007,weekly,2017-12-11,406.0,529.0,508.5,362.0,556.56,452.82,369.04,462.99,56.99,14.04,8,2026-06-05 09:13:59.775238
S010,P007,weekly,2017-12-18,406.0,529.0,508.5,361.0,557.29,454.78,369.04,463.27,57.27,14.11,8,2026-06-05 09:13:59.775238
S010,P007,weekly,2017-12-25,360.0,529.0,508.5,380.0,558.01,457.52,369.04,467.01,107.01,29.73,8,2026-06-05 09:13:59.775238
S010,P008,weekly,2017-11-06,734.0,706.0,681.75,681.0,724.46,624.65,676.17,682.34,51.66,7.04,8,2026-06-05 09:13:59.775238
S010,P008,weekly,2017-11-13,736.0,706.0,681.75,670.0,725.41,626.23,675.26,680.78,55.22,7.5,8,2026-06-05 09:13:59.775238
S010,P008,weekly,2017-11-20,697.0,706.0,681.75,699.0,726.37,628.58,673.34,685.84,11.16,1.6,8,2026-06-05 09:13:59.775238
S010,P008,weekly,2017-11-27,606.0,706.0,681.75,540.0,727.33,631.7,600.09,647.81,41.81,6.9,8,2026-06-05 09:13:59.775238
S010,P008,weekly,2017-12-04,497.0,706.0,681.75,489.0,728.28,590.73,487.07,613.81,116.81,23.5,8,2026-06-05 09:13:59.775238
S010,P008,weekly,2017-12-11,506.0,706.0,681.75,484.0,729.24,595.41,485.5,613.65,107.65,21.27,8,2026-06-05 09:13:59.775238
S010,P008,weekly,2017-12-18,527.0,706.0,681.75,529.0,730.2,600.84,485.2,622.16,95.16,18.06,8,2026-06-05 09:13:59.775238
S010,P008,weekly,2017-12-25,501.0,706.0,681.75,481.0,731.15,607.0,482.23,614.85,113.85,22.73,8,2026-06-05 09:13:59.775238
S010,P009,weekly,2017-11-06,467.0,494.0,459.25,464.0,485.12,429.79,464.03,466.03,0.97,0.21,8,2026-06-05 09:13:59.775238
S010,P009,weekly,2017-11-13,446.0,494.0,459.25,447.0,485.74,425.62,464.03,462.61,16.61,3.72,8,2026-06-05 09:13:59.775238
S010,P009,weekly,2017-11-20,446.0,494.0,459.25,453.0,486.37,422.15,459.44,462.37,16.37,3.67,8,2026-06-05 09:13:59.775238
S010,P009,weekly,2017-11-27,420.0,494.0,459.25,379.0,487.0,419.45,415.52,442.37,22.37,5.33,8,2026-06-05 09:13:59.775238
S010,P009,weekly,2017-12-04,344.0,494.0,459.25,310.0,487.62,405.24,328.15,414.04,70.04,20.36,8,2026-06-05 09:13:59.775238
S010,P009,weekly,2017-12-11,334.0,494.0,459.25,320.0,488.25,404.23,326.82,415.42,81.42,24.38,8,2026-06-05 09:13:59.775238
S010,P009,weekly,2017-12-18,310.0,494.0,459.25,361.0,488.88,404.1,326.71,422.32,112.32,36.23,8,2026-06-05 09:13:59.775238
S010,P009,weekly,2017-12-25,333.0,494.0,459.25,311.0,489.5,404.89,325.49,414.02,81.02,24.33,8,2026-06-05 09:13:59.775238
S010,P010,weekly,2017-11-06,686.0,655.0,645.25,641.0,692.71,604.95,642.04,646.82,39.18,5.71,8,2026-06-05 09:13:59.775238
S010,P010,weekly,2017-11-13,666.0,655.0,645.25,663.0,693.63,603.01,646.6,651.08,14.92,2.24,8,2026-06-05 09:13:59.775238
S010,P010,weekly,2017-11-20,667.0,655.0,645.25,687.0,694.55,601.75,645.7,654.87,12.13,1.82,8,2026-06-05 09:13:59.775238
S010,P010,weekly,2017-11-27,567.0,655.0,645.25,523.0,695.47,601.2,573.08,615.5,48.5,8.55,8,2026-06-05 09:13:59.775238
S010,P010,weekly,2017-12-04,480.0,655.0,645.25,433.0,696.39,571.97,466.39,578.0,98.0,20.42,8,2026-06-05 09:13:59.775238
S010,P010,weekly,2017-12-11,490.0,655.0,645.25,445.0,697.31,572.95,463.83,579.89,89.89,18.35,8,2026-06-05 09:13:59.775238
S010,P010,weekly,2017-12-18,462.0,655.0,645.25,472.0,698.23,574.7,464.35,584.92,122.92,26.61,8,2026-06-05 09:13:59.775238
S010,P010,weekly,2017-12-25,489.0,655.0,645.25,464.0,699.16,577.23,464.35,584.16,95.16,19.46,8,2026-06-05 09:13:59.775238
